Date,Benchmark1_Price,Benchmark2_Hedged_Price,Benchmark3_Unhedged_Price,Benchmark_Composite_Price,KOSPI200_Return,SP500_Hedged_Return,SP500_Unhedged_Return,Benchmark_Composite_Return,KOSPI200_Close,SP500_Close_USD,USDKRW_Close,USD_Futures_Settlement_Close,USD_Futures_Contracts,Futures_Settlement_Change,Roll_Events
2023-09-22,100.0,100.0,100.0,100.0,,,,,332.02,4320.06005859375,1341.1700439453125,1334.0,-224,-4.400000000000091,0
2023-09-25,99.86747786277935,100.04934233148066,100.198675664814,100.02139654400013,-0.0013252213722064,0.0004934233148066,0.0019867566481399,0.0002139654400012,331.58,4337.43994140625,1338.449951171875,1336.0,-224,2.0,0
2023-09-26,98.45792422143244,98.87319132216516,99.85080620047567,99.00036894536524,-0.0141142409071717,-0.01175570955198,-0.0034717970275575,-0.0102080918074937,326.9,4273.52978515625,1353.75,1347.1,-224,11.099999999999907,0
2023-09-27,98.40069875308716,98.68605420358986,99.80508813413547,98.90762220255247,-0.0005812174977056,-0.0018926982741513,-0.0004578637677539,-0.0009368322946751,326.71,4274.509765625,1352.8199462890625,1349.0,-224,1.900000000000091,0
2023-09-28,98.40069875308716,98.9029402866701,100.0244335605139,99.03849165539008,0.0,0.0021977379157627,0.0021977379157627,0.0013231483067057,326.71,4299.7001953125,1347.8499755859375,1349.0,-224,0.0,0
2023-09-29,98.40069875308716,98.63495465140257,99.75340914716185,98.8767886408042,0.0,-0.002709582086142,-0.002709582086142,-0.0016327289711614,326.71,4288.0498046875,1347.8499755859375,1349.0,-220,0.0,0
2023-10-02,98.40069875308716,99.10677526488402,100.2305798912152,99.160575097079,0.0,0.0047835031216769,0.0047835031216769,0.0028701018730061,326.71,4288.39013671875,1354.18994140625,1349.0,-220,0.0,0
2023-10-03,98.40069875308716,98.10770923984794,99.22018512484992,98.55966577110124,0.0,-0.0100807035882851,-0.0100807035882851,-0.0060599620906742,326.71,4229.4501953125,1359.219970703125,1349.0,-220,0.0,0
2023-10-04,96.21408348894646,97.38048836860806,99.4317067397356,97.52498555846726,-0.0222215420403415,-0.007412474278265,0.0021318405586476,-0.0104980085366458,319.45,4263.75,1351.1600341796875,1361.8,-220,12.799999999999956,0
2023-10-05,95.95205108126017,97.74963323916282,98.92722760764892,97.3806667143461,-0.002723430896854,0.003790747784684,-0.0050736243863053,-0.0014798140527243,318.58,4258.18994140625,1346.06005859375,1350.0,-220,-11.799999999999956,0
2023-10-06,96.06047828444068,98.94842708239706,100.09604221806867,98.13233031677755,0.0011300144390733,0.0122639216486999,0.0118148930146444,0.0077188175825122,318.94,4308.5,1346.06005859375,1349.4,-219,-0.599999999999909,0
2023-10-09,96.06047828444068,99.63357794021135,100.78913953362698,98.54003028096112,0.0,0.0069243228823006,0.0069243228823006,0.0041545937293803,318.94,4335.66015625,1346.8900146484375,1349.4,-219,0.0,0
2023-10-10,96.11168001927597,99.77331642392622,100.93794479945026,98.64629428441182,0.0005330156142222,0.001402523994458,0.0014764017880481,0.0010783841160562,319.11,4358.240234375,1341.8900146484375,1349.5,-219,0.099999999999909,0
2023-10-11,97.80736100234928,100.86539430396827,101.09704839579912,99.71091169801666,0.0176428190905957,0.0109455906567436,0.0015762515936399,0.0107922697079263,324.74,4376.9501953125,1338.260009765625,1336.8,-219,-12.700000000000044,0
2023-10-12,99.04523823866032,101.01241359409704,101.22227249810912,100.29731435041872,0.0126562788692492,0.0014575790948252,0.0012386524067422,0.0058810278876804,328.85,4349.60986328125,1348.3399658203125,1336.5,-219,-0.2999999999999545,0
2023-10-13,98.11758327811576,99.57063651322834,100.71425219604076,99.33986735819975,-0.0093659723278091,-0.0142732663201402,-0.0050188588887675,-0.0095460880325651,325.77,4327.77978515625,1348.3399658203125,1349.2,-221,12.700000000000044,0
2023-10-16,97.37064032287212,100.16875130419926,101.73747742305284,99.5191653519746,-0.0076127329097214,0.0060069395146575,0.0101596864862818,0.0018048946363933,323.29,4373.6298828125,1347.760009765625,1354.8,-221,5.599999999999909,0
2023-10-17,98.59345822540811,100.6066469409078,102.1222355441714,100.2593022314065,0.0125583841133347,0.0043715792700531,0.0037818720383504,0.0074371290877912,327.35,4373.2001953125,1352.989990234375,1351.2,-221,-0.7999999999999545,1
2023-10-18,99.03620263839528,99.66168725262584,100.87073502295368,99.78544865952618,0.0044906063846035,-0.0093926168599674,-0.0122549267997211,-0.0047262803683454,328.82,4314.60009765625,1354.56005859375,1347.3,-221,-3.900000000000091,0
2023-10-19,97.21101138485632,98.35477587457508,100.13836395511728,98.43839956322788,-0.0184295359163068,-0.013113478349388,-0.0072604910400398,-0.0134994542229749,322.76,4278.0,1356.22998046875,1355.2,-221,7.900000000000091,0
2023-10-20,95.76531534244924,97.44183941876312,98.87809423358289,97.20674967584664,-0.0148717313173876,-0.0092820755036455,-0.0125852837190275,-0.0125118845170795,317.96,4224.16015625,1356.22998046875,1350.8,-215,-4.400000000000091,0
2023-10-23,95.0243961207156,95.7074877193459,97.12546875290764,95.86997071383642,-0.0077368222417913,-0.0177988399004223,-0.017725113881493,-0.0137519150312911,315.5,4217.0400390625,1334.43994140625,1350.9,-215,0.099999999999909,0
2023-10-24,95.90687307993493,97.77872787029516,98.50564283254228,97.25520100017334,0.0092868462757527,0.0216413595247948,0.0142102179516465,0.0144490529831464,318.43,4247.68017578125,1343.6400146484375,1341.0,-215,-9.900000000000093,0
2023-10-25,95.32257092946206,96.62992124953595,97.74635302930642,96.4502150980555,-0.0060923907923248,-0.011749044457636,-0.0077080843432152,-0.0082770473336064,316.49,4186.77001953125,1352.6800537109375,1346.5,-215,5.5,0
2023-10-26,92.69019938557916,94.49519762862204,96.4226705467984,94.35215331856296,-0.0276154064899365,-0.0220917454273943,-0.0135420140136701,-0.0217527952359622,307.75,4137.22998046875,1350.3399658203125,1358.0,-215,11.5,0
2023-10-27,92.9251249924703,94.30740215884492,95.95981470767111,94.25482561462194,0.0025345247766042,-0.0019873546433035,-0.0048002802297685,-0.0010315366477373,308.53,4117.3701171875,1350.3399658203125,1354.3,-209,-3.7000000000000455,0
2023-10-30,93.05162339618091,96.02891705491542,97.4632491560412,95.26533211050727,0.0013612938774187,0.0182542924167383,0.0156673337995711,0.0107210054158606,308.95,4166.81982421875,1355.219970703125,1350.8,-209,-3.5,0
2023-10-31,92.03060056623092,96.18260269906828,97.57678231082862,94.93061366577766,-0.0109726492960025,0.0016004100521614,0.0011648816940799,-0.0035135388426648,305.56,4193.7998046875,1348.0699462890625,1350.2,-209,-0.599999999999909,0
2023-11-01,93.28052526956203,96.90464332894784,98.75479930223928,96.00135511912,0.0135816206309724,0.0075069774534863,0.0120727181560271,0.0112792007972486,309.71,4237.85986328125,1350.1600341796875,1356.5,-209,6.2999999999999545,0
2023-11-02,94.9219926510451,99.6080501121459,100.44427524295948,97.97574464166588,0.0175971069710376,0.0278975979925051,0.0171077856737833,0.0205662672167075,315.16,4317.77978515625,1347.8399658203125,1341.5,-209,-15.0,0
2023-11-03,95.84964761158965,100.99310500998568,100.32267841846893,98.7315702126944,0.0097728138088588,0.0139050498055164,-0.0012105898937141,0.0077144151727843,318.24,4358.33984375,1333.6800537109375,1319.9,-222,-21.59999999999991,0
2023-11-06,100.64453948557312,100.95095663008568,98.55138125999127,100.17187166122858,0.0500251382604324,-0.0004173391826681,-0.0176559994848737,0.0145880537039104,334.16,4365.97998046875,1307.8399658203125,1296.9,-222,-23.0,0
2023-11-07,98.575387024878,99.58957340741549,98.02043222390677,98.7632974808407,-0.0205590136461575,-0.0134855901134123,-0.0053875352054558,-0.0140615739431477,327.29,4378.3798828125,1297.1099853515625,1307.7,-222,10.799999999999956,0
2023-11-08,97.58448286247813,100.1781955820414,98.68173263810267,98.72289439294764,-0.0100522472425067,0.0059104799276314,0.0067465568064963,-0.0004090901065844,324.0,4382.77978515625,1304.550048828125,1308.8,-222,1.099999999999909,0
2023-11-09,97.97301367387504,99.6251571211476,98.15186833214908,98.56434501823476,0.0039814814814815,-0.005520547237656,-0.005369426456027,-0.0016060041157405,325.29,4347.35009765625,1308.1199951171875,1309.0,-222,0.2000000000000454,0
2023-11-10,97.50918619360276,101.09273226610918,100.224175827322,99.4154814492182,-0.0047342371422424,0.0147309694395458,0.021113276093331,0.0086353379695871,323.75,4415.240234375,1315.199951171875,1317.4,-227,8.400000000000091,0
2023-11-13,97.37666405638213,100.83217758928248,100.47695033563852,99.35978722071384,-0.0013590733590733,-0.002577382873982,0.0025220911644314,-0.0005602168564946,323.31,4411.5498046875,1319.6199951171875,1324.1,-227,6.7000000000000455,0
2023-11-14,98.35853261851692,102.41264354836824,102.35086988847806,100.78412580485777,0.0100832018805481,0.0156742222261969,0.0186502431311836,0.014335161376503,326.57,4495.7001953125,1319.0699462890625,1328.0,-227,3.900000000000091,0
2023-11-15,100.58430215047284,103.44656802714798,101.36178389760188,101.70253861641258,0.022629145359341,0.0100956722037103,-0.0096636793800961,0.0091126732927473,333.96,4502.8798828125,1304.239990234375,1301.7,-227,-26.299999999999955,0
2023-11-16,100.68971748689836,103.74235070554889,101.29726041206524,101.81359082412018,0.0010480297041561,0.0028592797619277,-0.0006365661993659,0.0010919315212618,334.31,4508.240234375,1301.8599853515625,1297.0,-227,-4.7000000000000455,0
2023-11-17,100.01204746702004,103.12452725727688,100.69399836621164,101.17543323627577,-0.0067302802787831,-0.0059553638805194,-0.0059553638805194,-0.0062679017867744,332.06,4514.02001953125,1292.449951171875,1297.0,-235,0.0,0
2023-11-20,100.66562255285824,104.53846690745694,101.59905344905376,102.12888372571592,0.0065349635608022,0.0137109927946872,0.0089881730542722,0.0094237351790089,334.23,4547.3798828125,1294.5,1290.9,-235,-6.099999999999909,0
2023-11-21,101.37039937353168,103.88729857565494,100.89635703446652,102.0105986325934,0.0070011668611433,-0.0062289829865063,-0.0069163677291501,-0.0011581943208172,336.57,4538.18994140625,1288.1500244140625,1288.6,-235,-0.900000000000091,1
2023-11-22,101.44268417565203,103.96905923245,101.85976199908782,102.35431684738508,0.0007130760317319,0.0007870130219579,0.009548461341297,0.0033694363075904,336.81,4556.6201171875,1295.18994140625,1300.0,-235,11.400000000000093,0
2023-11-23,101.4728028432022,104.59338866187396,102.14289042582725,102.63560789687288,0.0002969032985957,0.0060049541087804,0.0027795904995533,0.0027482089485997,336.91,4556.6201171875,1298.7900390625,1295.8,-235,-4.2000000000000455,0
2023-11-24,100.5963496174929,104.10513254841456,102.3132392941216,102.18858912107606,-0.0086373215398771,-0.0046681355265944,0.0016677506146944,-0.0043553965817201,334.0,4559.33984375,1300.1800537109375,1304.1,-236,8.299999999999955,0
2023-11-27,100.49695801457744,103.15955050420504,101.29729404529148,101.56533870960234,-0.0009880239520957,-0.0090829531749528,-0.0099297535278846,-0.0060990215916894,333.67,4550.43017578125,1289.7900390625,1303.0,-236,-1.099999999999909,0
2023-11-28,101.65652671525812,105.11410078215704,102.39812909998486,102.94192610214436,0.0115383462702669,0.0189468669492926,0.0108673688183731,0.0135537124183475,337.52,4554.89013671875,1302.530029296875,1292.6,-236,-10.400000000000093,0
2023-11-29,101.3854587073068,104.17393643976077,101.12312894636348,102.17289181177298,-0.0026665086513391,-0.0089442266584642,-0.0124514008686275,-0.0074705644190909,336.62,4550.580078125,1287.530029296875,1288.0,-236,-4.599999999999909,0
2023-11-30,101.93060658996448,104.57143033434012,101.57121798306846,102.6457181888586,0.0053769829481313,0.0038156750926774,0.0044311231404108,0.0046277086681336,338.43,4567.7998046875,1288.3599853515625,1288.8,-236,0.7999999999999545,0
2023-12-01,100.83729895789412,104.52492500600069,102.8260206291988,102.56376059961734,-0.0107259994681322,-0.0004447230777159,0.0123539194571784,-0.0007984511257496,334.8,4594.6298828125,1296.6600341796875,1305.5,-237,16.700000000000045,0
2023-12-04,101.2408891030661,104.33150832127582,102.46942344473428,102.56431804115896,0.0040023894862604,-0.0018504360057063,-0.0034679663988013,5.435073152204595e-06,336.14,4569.77978515625,1299.18994140625,1303.4,-237,-2.099999999999909,0
2023-12-05,100.24998494066624,104.35131852428825,103.08983987530976,102.35265193175186,-0.0097875885047895,0.0001898774716398,0.0060546493746018,-0.0020637402310046,332.85,4567.18017578125,1307.800048828125,1311.0,-237,7.599999999999909,0
2023-12-06,100.43069694596711,104.31393985808684,103.12449665745793,102.42554165453244,0.0018026137899953,-0.0003582002290912,0.0003361803858661,0.0007121429821785,333.45,4549.33984375,1313.3699951171875,1311.9,-237,0.900000000000091,0
2023-12-07,100.195771339076,104.27948365714612,103.97391084035584,102.57399392937936,-0.0023391812865496,-0.0003303125257048,0.0082367837946337,0.0014493677304399,332.67,4585.58984375,1313.719970703125,1323.0,-237,11.099999999999907,0
2023-12-08,101.3794349737968,105.9423715724851,104.32344883709295,103.64966597651976,0.0118135088826765,0.0159464532909107,0.0033617856047927,0.0104867911049753,336.6,4604.3701171875,1312.760009765625,1306.7,-237,-16.299999999999955,0
2023-12-11,101.78001325221376,105.88678639703411,105.03204310706342,104.00837606105944,0.0039512774806891,-0.0005246736940653,0.0067922818682593,0.0034607934445338,337.93,4622.43994140625,1316.510009765625,1316.3,-237,9.599999999999907,0
2023-12-12,102.33419673513646,106.30177978625282,105.2834952745755,104.43176566610578,0.0054449146272896,0.0039192179056472,0.0023940519490397,0.0040707260422736,339.77,4643.7001953125,1313.6199951171875,1314.3,-237,-2.0,0
2023-12-13,101.40352990783693,107.0717545680062,106.43796675811126,104.62126069322346,-0.0090943873796979,0.0072432915356789,0.0109653605299191,0.0018145343603932,336.68,4707.08984375,1310.1400146484375,1319.2,-237,4.900000000000091,0
2023-12-14,102.80404794891876,107.6944682794951,105.24290388733752,105.020580782241,0.0138113342045858,0.0058158541811639,-0.0112277874819762,0.0038168158782607,341.33,4719.5498046875,1292.010009765625,1296.6,-237,-22.59999999999991,0
2023-12-15,103.60520450575272,107.76758038017752,105.22755140695024,105.36510262072154,0.0077930448539538,0.0006788844575814,-0.00014587663225,0.0032805173606389,343.99,4719.18994140625,1291.9200439453125,1295.5,-245,-1.099999999999909,0
2023-12-18,103.457623034757,106.6351981215875,104.4399430494798,104.73633452912313,-0.0014244600133724,-0.0105076336927605,-0.0074848112204425,-0.0059675174793096,343.5,4740.56005859375,1276.469970703125,1299.4,-245,3.900000000000091,0
2023-12-19,103.59315703873264,108.64054282837157,107.23027759625866,106.21785542113491,0.0013100436681221,0.0188056546253847,0.0267171205317193,0.0141452428965789,343.95,4768.3701171875,1302.9300537109375,1304.8,-245,10.099999999999907,1
2023-12-20,105.44846695982174,107.23023930089788,105.236436424068,105.9599922641671,0.0179095798807966,-0.0129813740870354,-0.0185940129680334,-0.0024276818237898,350.11,4698.35009765625,1297.760009765625,1297.5,-245,-7.299999999999954,0
2023-12-21,105.04788868140476,107.83540291453346,106.25662136330276,106.2809965066948,-0.0037988060895148,0.0056435910017643,0.0096942178384276,0.003029485333742,348.78,4746.75,1296.97998046875,1302.7,-245,5.2000000000000455,0
2023-12-22,105.15932775134031,107.76763716028675,106.00054424585092,106.22952925250728,0.0010608406445324,-0.0006284184267424,-0.0024099873887037,-0.0004842564134622,349.15,4754.6298828125,1291.7099609375,1300.4,-247,-2.2999999999999545,0
2023-12-25,105.15932775134031,108.2390199005418,106.46419760535454,106.50832222550665,0.0,0.004374065839023,0.004374065839023,0.002624439503414,349.15,4754.6298828125,1297.3599853515625,1300.4,-247,0.0,0
2023-12-26,105.54484669598222,109.10727982603896,106.68562034736723,106.98742980553382,0.0036660461119863,0.0080216905723551,0.00207978594676,0.0044983112118957,350.43,4774.75,1294.5799560546875,1292.7,-247,-7.700000000000045,0
2023-12-27,106.1562556472502,109.25777145484794,106.78376883379914,107.30849357428906,0.0057928830294209,0.0013792996127198,0.0009199785886075,0.0030009485164641,352.46,4781.580078125,1293.9200439453125,1292.1,-247,-0.599999999999909,0
2023-12-28,107.82181796277337,109.77009047318276,106.89264327210998,108.16573362117504,0.0156897236565851,0.0046890853759225,0.0010195785323918,0.0079885572738238,357.99,4783.35009765625,1294.760009765625,1287.3,-247,-4.7999999999999545,0
2023-12-29,107.82181796277337,108.0293968657019,105.19757916103548,107.14136097700346,0.0,-0.0158576311632548,-0.0158576311632548,-0.0094703988950808,357.99,4769.830078125,1277.8399658203125,1287.3,-252,0.0,0
2024-01-01,107.82181796277337,109.3558447304543,106.48925631839984,107.93068740268713,0.0,0.0122785825269522,0.0122785825269522,0.0073671495161711,357.99,4769.830078125,1293.530029296875,1287.3,-252,0.0,0
2024-01-02,108.59285585205714,107.66202665417366,105.88728485446352,107.54925955612556,0.0071510377384842,-0.0154890493549352,-0.0056528844763121,-0.0035340073869674,360.55,4742.830078125,1293.5400390625,1300.0,-252,12.700000000000044,0
2024-01-03,105.77676043611834,107.53798086116184,106.18178420443512,106.48300472694676,-0.0259326029676882,-0.0011521777628269,0.0027812532012352,-0.0099141066482411,351.2,4704.81005859375,1307.6199951171875,1305.0,-252,5.0,0
2024-01-04,104.83404614179872,107.0378741531136,105.97232003887622,105.89549971466572,-0.0089123006833712,-0.0046505123496218,-0.001972693971271,-0.0055173594489333,348.07,4688.68017578125,1309.530029296875,1308.4,-252,3.400000000000091,0
2024-01-05,104.57803746762248,106.6457471302156,106.30523314384205,105.77879076870592,-0.0024420375211882,-0.0036634418050669,0.0031415100173677,-0.0011021143133962,347.22,4697.240234375,1311.25,1317.0,-242,8.599999999999909,0
2024-01-08,104.08409131980004,108.45246389858087,107.9602585304752,106.61060138023244,-0.0047232302286736,0.0169412922407423,0.0155686163106734,0.0078636804739555,345.58,4763.5400390625,1313.1300048828125,1315.2,-242,-1.7999999999999543,0
2024-01-09,103.55099090416245,108.280095490082,107.691521961458,106.2634009412716,-0.00512182417964,-0.0015893452513912,-0.0024892175387051,-0.0032567158844037,343.81,4756.5,1311.800048828125,1314.0,-242,-1.2000000000000457,0
2024-01-10,102.60225287633278,109.04449799278748,108.96134956763,106.48606669833576,-0.0091620371716936,0.0070594923217027,0.0117913423735107,0.0020954134263708,340.66,4783.4501953125,1319.7900390625,1320.3,-242,6.2999999999999545,0
2024-01-11,102.4878019396422,109.39219958119344,108.6992925895546,106.46499541520204,-0.001115481711971,0.0031886211116213,-0.0024050452671088,-0.0001978783120371,340.28,4780.240234375,1317.5,1312.8,-242,-7.5,0
2024-01-12,101.86735738810918,108.95958057939544,108.32598272692388,105.97379906257198,-0.0060538380157515,-0.0039547518328936,-0.0034343357140355,-0.0046136887595253,338.22,4783.830078125,1311.989990234375,1313.5,-242,0.7000000000000455,0
2024-01-15,102.17456779712067,108.68265599083804,108.39698841982715,106.04167521789068,0.0030157885400035,-0.0025415350085313,0.0006554816408383,0.0006404994056936,339.24,4783.830078125,1312.8499755859375,1317.7,-242,4.2000000000000455,0
2024-01-16,100.81621589060904,107.93886063294208,108.55681162043396,105.30631331560924,-0.0132944228274967,-0.0068437355630934,0.0014744247320579,-0.0069346499927545,334.73,4765.97998046875,1319.7099609375,1328.9,-242,10.900000000000093,1
2024-01-17,98.21998674778632,107.72482713607094,109.42593810717864,104.41858411706455,-0.0257520987064201,-0.001982914175822,0.008006190249798,-0.0084299712960619,326.11,4739.2099609375,1337.7900390625,1341.9,-242,13.0,0
2024-01-18,98.52719715679784,109.56341624298814,110.906014788598,105.51726552762857,0.0031277789702861,0.0170674593387354,0.0135258304111562,0.0105218953106303,327.13,4780.93994140625,1344.050048828125,1337.3,-242,-4.599999999999909,0
2024-01-19,100.29215107523648,110.5096235976624,111.73788338148148,106.77193164373271,0.0179133677742793,0.0086361614772561,0.0075006625607196,0.0118906238692817,332.99,4839.81005859375,1337.6600341796875,1335.8,-239,-1.5,0
2024-01-22,100.18372387205594,110.20226988207509,111.6105318830306,106.600163631289,-0.0010811135469533,-0.0027812393670467,-0.0011397343013569,-0.0016087375193027,332.63,4850.43017578125,1333.2099609375,1338.0,-239,2.200000000000045,0
2024-01-23,100.8885006927294,111.58458114706166,112.40089043816452,107.52752565754908,0.0070348435198268,0.0125434010249132,0.0070813976226027,0.0086994428026174,334.97,4864.60009765625,1338.739990234375,1330.7,-239,-7.299999999999954,0
2024-01-24,100.37648334437688,111.12414270751282,112.32745957321318,107.15497651756424,-0.0050750813505688,-0.0041263625746106,-0.0006532943348143,-0.003464686253186,333.27,4868.5498046875,1336.780029296875,1335.4,-239,4.7000000000000455,0
2024-01-25,100.53611228239264,111.28959422936826,112.33634077970493,107.27345610264692,0.0015903021574099,0.0014888890732855,7.906531960655272e-05,0.0011056843922059,333.8,4894.16015625,1329.8900146484375,1333.5,-239,-1.900000000000091,0
2024-01-26,100.65959881934825,111.49966373639911,112.7814330516012,107.5145247259308,0.0012282804074295,0.0018875934312232,0.0039621396674216,0.00224723460996,334.21,4890.97021484375,1336.030029296875,1336.3,-241,2.7999999999999545,0
2024-01-29,101.7529064514186,112.59523841990476,113.6957841654168,108.56004998521315,0.0108614344274557,0.0098258115476988,0.0081072840544353,0.0097245024516225,337.84,4927.93017578125,1336.760009765625,1334.0,-241,-2.2999999999999545,0
2024-01-30,101.6444792482381,112.69530869117916,113.32573096947192,108.43684213542726,-0.0010655931802034,0.0008887611295,-0.0032547662049322,-0.0011349280863695,337.48,4924.97021484375,1333.2099609375,1328.4,-241,-5.599999999999909,0
2024-01-31,101.27100777061628,109.9406316686609,110.94939615265064,106.80080585924058,-0.003674291809885,-0.0244435820311469,-0.0209690667467341,-0.0150874577677522,336.24,4845.64990234375,1326.6199951171875,1333.1,-241,4.7000000000000455,0
2024-02-01,103.12932955846036,112.10917328772,112.95286943754178,108.79503911553604,0.0183499881037354,0.0197246603566427,0.0180575411346506,0.0186724551397465,342.41,4906.18994140625,1333.9100341796875,1330.9,-241,-2.200000000000045,0
2024-02-02,106.44840672248664,113.6354696095925,113.73521066453485,110.87834684211415,0.03218363949651,0.0136143749624786,0.0069262625278028,0.0191489220787517,353.43,4958.60986328125,1328.949951171875,1321.9,-250,-9.0,0
2024-02-05,105.15932775134031,113.2701881447724,114.1218367989216,110.34740559812188,-0.0121098944628357,-0.0032145021803058,0.0033993530422793,-0.0047885025265423,349.15,4942.81005859375,1337.72998046875,1330.7,-250,8.799999999999955,0
2024-02-06,104.75272573941334,113.47956039563398,114.01440693018002,110.2078646271248,-0.0038665330087354,0.0018484320922464,-0.0009413611956744,-0.0012645605054393,347.8,4954.22998046875,1333.3900146484375,1327.0,-250,-3.7000000000000455,0
2024-02-07,106.09300644539488,113.8399297935801,114.38505560881288,110.98017697041114,0.0127947096032201,0.0031756326574559,0.0032508933617472,0.0070077788540714,352.25,4995.06005859375,1326.7900390625,1327.1,-250,0.099999999999909,0
2024-02-08,106.4062405879164,113.94197444771665,114.52191470001608,111.18058187254962,0.0029524485450673,0.0008963871843698,0.0011964770264327,0.0018057720541562,353.29,4997.91015625,1327.6199951171875,1327.5,-250,0.4000000000000909,0
2024-02-09,106.4062405879164,114.9285867916104,115.5135486894835,111.75940183504996,0.0,0.0086589015915858,0.0086589015915858,0.0052061246015411,353.29,5026.60986328125,1331.469970703125,1327.5,-252,0.0,0
2024-02-12,106.4062405879164,114.69794090008963,115.2817288597616,111.6248303715438,0.0,-0.0020068626784645,-0.0020068626784645,-0.0012041176070786,353.29,5021.83984375,1330.06005859375,1327.5,-252,0.0,0
2024-02-13,107.63809409071744,113.01411605684,113.57196937427604,111.1548851920075,0.0115768915055618,-0.0146805150121778,-0.0148311402196738,-0.0042100416007092,357.38,4953.169921875,1328.5,1327.3,-252,-0.2000000000000454,0
2024-02-14,106.22552858261552,114.4525868060874,115.72068864832436,111.60474062432826,-0.0131232861380043,0.0127282396167567,0.018919450687407,0.0040471044663821,352.69,5000.6201171875,1340.7900390625,1335.4,-252,8.099999999999909,0
2024-02-15,105.77977230287333,114.0044741808832,115.11040069526754,111.1096050531229,-0.0041963197141966,-0.0039152686514934,-0.0052738016009522,-0.0044365102094724,351.21,5029.72998046875,1326.0,1333.6,-252,-1.7999999999999543,0
2024-02-16,107.07788687428469,113.44340742156896,114.70088713284795,111.37243355413445,0.0122718601406566,-0.0049214450866554,-0.003557572208472,0.0023654885721704,355.52,5005.56982421875,1327.6600341796875,1335.4,-252,1.7999999999999543,0
2024-02-19,108.6922474549726,113.93236113124216,115.03954198799072,112.28673304187092,0.015076507650765,0.0043101112773895,0.0029525042360878,0.0082093877143492,360.88,5005.56982421875,1331.5799560546875,1333.6,-252,-1.7999999999999543,0
2024-02-20,107.49954821998676,113.14971610921124,114.49983236099972,111.40279760063672,-0.0109731766792284,-0.0068693829765308,-0.0046915140452085,-0.0078721271630959,356.92,4975.509765625,1333.3399658203125,1336.1,-252,2.900000000000091,1
2024-02-21,107.23450394554548,113.5842861740597,114.67983901304775,111.47295382278844,-0.0024655384960214,0.0038406642083753,0.0015721127999603,0.0006297527859511,356.04,4981.7998046875,1333.75,1333.1,-252,-3.0,0
2024-02-22,107.72543822661288,116.42891636411704,117.02494423340686,113.19812950187588,0.0045781372879452,0.0250442229807927,0.0204491499163359,0.0154761816200725,357.67,5087.02978515625,1332.8699951171875,1327.0,-252,-6.099999999999909,0
2024-02-23,107.9965062345642,115.81734033065744,116.56503738514884,112.99681365347004,0.0025162859619201,-0.0052527847252906,-0.0039299898946394,-0.0017784379414371,358.57,5088.7998046875,1327.1700439453125,1328.8,-255,1.7999999999999543,0
2024-02-26,107.06583940726463,115.47668685541056,116.37124774322942,112.45124625737208,-0.0086175642134032,-0.0029412994140112,-0.0016625022928539,-0.0048281661974208,355.48,5069.52978515625,1330.0,1330.5,-255,1.7000000000000457,0
2024-02-27,106.2466116499006,115.91915487675465,116.72056716387397,112.3394784697751,-0.0076516259705188,0.0038316653637466,0.003001767424676,-0.0009939221779825,352.76,5078.18017578125,1331.719970703125,1329.4,-255,-1.099999999999909,0
2024-02-28,107.46039395217156,115.37583295980107,116.53315742666462,112.63394201187502,0.0114241977548474,-0.0046870762431905,-0.0016056273693925,0.0026211937789897,356.79,5069.759765625,1331.7900390625,1333.5,-255,4.099999999999909,0
2024-02-29,107.09294620805974,116.27442558945684,117.28237166860654,112.96105430042051,-0.0034193783458057,0.0077883955990059,0.0064291937032034,0.0029042070507574,355.57,5096.27001953125,1333.3800048828125,1331.7,-255,-1.7999999999999543,0
2024-03-01,107.09294620805974,117.36550652979976,118.382910843211,113.60046220347826,0.0,0.0093836708701129,0.0093836708701129,0.0056604278971867,355.57,5137.080078125,1335.199951171875,1331.7,-255,0.0,0
2024-03-04,108.75850852358292,116.98844899671568,117.86085927469938,114.04739337321952,0.0155524931799646,-0.003212677593551,-0.0044098558211923,0.0039342372475625,361.1,5130.9501953125,1330.9000244140625,1330.1,-255,-1.599999999999909,0
2024-03-05,107.70134329257272,115.29173026945956,116.48768137985692,112.71083397414483,-0.0097202990861258,-0.014503301324251,-0.0116508389917808,-0.011719333160915,357.59,5078.64990234375,1328.93994140625,1333.9,-255,3.7999999999999545,0
2024-03-06,107.29775314740075,116.34625148155932,117.48215894021212,113.13208675348685,-0.0037473083699207,0.0091465468480277,0.0085371907876876,0.0037374648424537,356.25,5104.759765625,1333.4300537109375,1333.1,-255,-0.7999999999999545,0
2024-03-07,107.4694295524366,117.27600056538314,118.1283594124362,113.66093556208811,0.0016,0.0079912250887703,0.0055004136632605,0.0046746137526272,356.82,5157.35986328125,1327.0899658203125,1329.8,-255,-3.2999999999999545,0
2024-03-08,108.94223239563884,116.99262335266984,116.83453110911516,113.83110072970996,0.0137043887674457,-0.0024163273930485,-0.0109527323477315,0.001497129746296,361.71,5123.68994140625,1321.1800537109375,1318.4,-258,-11.400000000000093,0
2024-03-11,107.92723329919885,117.1261577559218,116.24407838510776,113.27327705877734,-0.0093168560448978,0.0011413916486804,-0.0050537518180816,-0.0049004504687796,358.34,5117.93994140625,1315.97998046875,1310.2,-258,-8.200000000000045,0
2024-03-12,108.76152039033796,118.00161861869444,117.06031240036486,114.11608392595558,0.0077300887425351,0.0074745119241169,0.007021725550208,0.0074404739499229,361.11,5175.27001953125,1310.5400390625,1309.6,-258,-0.599999999999909,0
2024-03-13,109.3428106740558,117.352040498527,116.88940672249406,114.11947338623192,0.0053446318296364,-0.0055048238131924,-0.0014599796836888,2.9701862872766327e-05,363.04,5165.31005859375,1311.1500244140625,1315.0,-258,5.400000000000091,0
2024-03-14,110.43913017288116,116.97306181764712,116.77604236498354,114.4339241934954,0.0100264433671219,-0.0032294170537634,-0.0009698428684786,0.002755452666691,366.68,5150.47998046875,1313.6500244140625,1318.0,-258,3.0,0
2024-03-15,108.2434793084754,115.93872985856112,116.74938481829298,113.20654526361204,-0.0198810952329007,-0.0088424799950816,-0.0002282792441897,-0.0107256562119464,359.39,5117.08984375,1321.9200439453125,1329.4,-257,11.400000000000093,0
2024-03-18,108.82175772543825,117.01026887337858,118.1464676278318,114.16875490385584,0.0053423857091183,0.0092422869917988,0.0119665111016491,0.0084995937116816,361.31,5149.419921875,1329.3399658203125,1333.0,-257,3.599999999999909,0
2024-03-19,107.62303475694236,117.87397390964124,119.41719695173155,114.28993648725606,-0.0110154714787855,0.0073814464711409,0.010755542246956,0.00106142511147,357.33,5178.509765625,1336.0899658203125,1337.0,-257,4.5,1
2024-03-20,109.42714294319622,118.91859289477952,120.56437505747472,115.6843781729489,0.0167632160747768,0.0088621682165314,0.009606473230207,0.0122009139960308,363.32,5224.6201171875,1337.02001953125,1338.0,-257,1.0,0
2024-03-21,112.54141316788149,120.05554203843894,120.32946415416332,117.25191526690466,0.0284597599911924,0.0095607349194369,-0.0019484271634919,0.0135501190282778,373.66,5241.52978515625,1330.1099853515625,1322.4,-257,-15.599999999999907,0
2024-03-22,112.23721462562496,118.9743306907271,120.57359481928202,116.87895390646445,-0.0027029920248355,-0.0090059261684535,0.0020288519261244,-0.003180855166342,372.65,5234.18017578125,1334.6800537109375,1337.5,-263,15.099999999999907,0
2024-03-25,111.65893620866214,119.17154777563826,121.00860141029015,116.82270252695442,-0.0051522876693947,0.0016576439956935,0.0036078097502205,-0.0004812789439836,370.73,5218.18994140625,1343.5999755859375,1340.1,-263,2.599999999999909,0
2024-03-26,112.82452864285288,118.67455433240336,120.26835041640828,116.94647889534578,0.0104388638631889,-0.0041704035276154,-0.0061173419513543,0.001059523240894,374.6,5203.580078125,1339.1300048828125,1337.5,-263,-2.599999999999909,0
2024-03-27,112.66791157159209,119.08630586633883,121.6623492159852,117.40797622205928,-0.001388147357181,0.0034695856769949,0.011590736837667,0.0039462267788881,374.08,5248.490234375,1343.06005859375,1348.3,-263,10.799999999999956,0
2024-03-28,112.40889103066084,120.03172396906392,122.40941344146232,117.79596510820188,-0.0022989734816081,0.0079389321538464,0.0061404718081752,0.0033046211903762,373.22,5254.35009765625,1349.800048828125,1345.9,-263,-2.400000000000091,0
2024-03-29,112.83356424311788,120.07634313548331,122.40941344146232,117.98600959365264,0.003777932586678,0.0003717281144015,0.0,0.0016133361212857,374.63,5254.35009765625,1349.800048828125,1345.4,-262,-0.5,0
2024-04-01,112.72814890669235,120.13883862865876,122.68152055774128,118.03902250874138,-0.00093425513173,0.0005204646605945,0.0022229263961719,0.0004493152643378,374.28,5243.77001953125,1355.530029296875,1347.7,-262,2.2999999999999545,0
2024-04-02,113.34859345822542,118.42017725813449,121.36214076483976,117.4103997187881,0.0055039008229134,-0.0143056266411611,-0.0107545112491537,-0.0053255506237924,376.34,5205.81005859375,1350.72998046875,1352.5,-262,4.7999999999999545,0
2024-04-03,111.35473766640568,118.38796221254276,120.96477059158592,116.45203883967154,-0.0175904766966039,-0.0002720401737069,-0.0032742515149251,-0.0081624871511547,369.72,5211.490234375,1344.8399658203125,1348.5,-262,-4.0,0
2024-04-04,113.12872718510935,117.69014866338368,120.0519752290139,116.72439485111455,0.0159309747917342,-0.0058942947924577,-0.0075459603495128,0.0023387826796059,375.61,5147.2099609375,1351.3599853515625,1346.3,-262,-2.200000000000045,0
2024-04-05,111.91193301608338,118.47201893699422,121.3844554130928,116.8312282531359,-0.0107558371715343,0.0066434640663665,0.0110991941743316,0.0009152619909282,371.57,5204.33984375,1351.3599853515625,1352.2,-259,5.900000000000091,0
2024-04-08,112.19504849105476,118.52069055447195,121.5957798968155,117.02487090896152,0.0025298059585003,0.0004108279567992,0.0017409517800572,0.0016574563044569,372.51,5202.39013671875,1354.219970703125,1354.0,-259,1.7999999999999543,0
2024-04-09,111.52039033793146,118.2029424974642,121.26080595513984,116.55241845815628,-0.0060132613889559,-0.002680950098428,-0.0027548155204063,-0.0040371969405784,370.27,5209.91015625,1348.5400390625,1353.9,-259,-0.099999999999909,0
2024-04-10,111.52039033793146,118.40655219038597,121.46968295043546,116.6729679479565,0.0,0.0017225433531498,0.0017225433531498,0.0010342941947918,370.27,5160.64013671875,1363.760009765625,1353.9,-259,0.0,0
2024-04-11,111.65592434190714,118.72570772003807,122.740106036559,117.19081576645948,0.0012153293542551,0.0026954211886766,0.0104587667907385,0.0044384558618064,370.72,5199.06005859375,1367.8399658203125,1364.4,-259,10.5,0
2024-04-12,110.61080657791702,115.86882602839935,120.9541530122274,115.39350997439531,-0.0093601640051791,-0.0240628735469441,-0.0145506882958016,-0.0153365754842584,367.25,5123.41015625,1367.8399658203125,1377.3,-253,12.900000000000093,0
2024-04-15,110.02650442744417,115.50888801112838,121.23255731815236,115.12182636249416,-0.0052825051055139,-0.0031064267207019,0.0023017341611808,-0.0023544098100618,365.31,5061.81982421875,1387.6700439453125,1384.7,-253,7.400000000000091,0
2024-04-16,107.4242515511114,114.1092026445941,120.95446403586476,113.53814204676806,-0.023651145602365,-0.0121175555460237,-0.0022938828351016,-0.0137565947810748,356.67,5051.41015625,1387.3399658203125,1393.8,-253,13.400000000000093,1
2024-04-17,106.25564725016568,113.6585515681739,119.57917304765232,112.5222285163137,-0.0108784030055794,-0.0039492965157577,-0.0113703202207123,-0.0089477730755527,352.79,5022.2099609375,1379.5400390625,1383.8,-253,-10.0,0
2024-04-18,108.14408770555994,114.522318570824,119.30301335102618,113.48929439758952,0.017772612602398,0.007599665759703,-0.0023094297241552,0.008594443018302,359.06,5011.1201171875,1379.4000244140625,1370.5,-253,-13.299999999999956,0
2024-04-19,106.19239804831037,112.6301218792879,118.25809216684306,111.81046764924136,-0.0180471230435025,-0.0165225146953857,-0.0087585481274361,-0.0147928203912053,352.58,4967.22998046875,1379.4000244140625,1381.0,-243,10.5,0
2024-04-22,107.49051261972174,113.8529727627931,119.24219899059008,113.00050501312133,0.0122241760735153,0.0108572277389151,0.0083216869620947,0.0106433448397087,356.89,5010.60009765625,1378.8399658203125,1377.5,-243,-3.5,0
2024-04-23,107.2164327450154,114.66348798286636,119.93725906528518,113.32360733780808,-0.0025498052621254,0.0071189640499059,0.0058289773299966,0.0028592998292285,355.98,5070.5498046875,1370.47998046875,1375.7,-243,-1.7999999999999543,0
2024-04-24,109.51147521233666,115.85929614185358,120.53089798316232,114.81470523657418,0.0214056969492668,0.0104288486249948,0.0049495788256592,0.0131578753429659,363.6,5071.6298828125,1376.969970703125,1368.0,-243,-7.700000000000045,0
2024-04-25,107.37606168303118,114.63473925374116,119.52010498287676,113.2639520551088,-0.0194994499449946,-0.0105693451357854,-0.0083861733148852,-0.013506572858155,356.51,5048.419921875,1371.699951171875,1371.1,-243,3.099999999999909,0
2024-04-26,108.73441358954284,115.57659904430062,120.74030278236644,114.4626408968747,0.0126504165381053,0.0082161812090373,0.010209142634743,0.0105831451226658,361.02,5099.9599609375,1371.699951171875,1373.9,-250,2.7999999999999545,0
2024-04-29,109.77651948677794,115.94003135533735,121.38368359457326,115.19240056043884,0.0095839565675033,0.0031445146685572,0.0053286334171822,0.006375527052723,364.48,5116.169921875,1374.6400146484375,1376.9,-250,3.0,0
2024-04-30,109.9722908258539,114.63580732341232,120.41465122723211,114.6117435759622,0.0017833625987708,-0.011249126092849,-0.0079832176668631,-0.0050407577379376,365.13,5035.68994140625,1385.4599609375,1381.4,-250,4.5,0
2024-05-01,109.9722908258539,113.37947763425636,119.09498937917328,113.86316275784756,0.0,-0.0109593129624113,-0.0109593129624113,-0.0065314495247905,365.13,5018.39013671875,1375.0,1381.4,-250,0.0,0
2024-05-02,109.7253177519427,114.13299130712556,119.2766239759333,114.03470180992925,-0.0022457754772272,0.006645944121386,0.0015251237495956,0.0015065368634321,364.31,5064.2001953125,1364.6400146484375,1374.5,-250,-6.900000000000091,0
2024-05-03,109.5054514788266,116.67683484685278,120.77434949805576,115.12387602933492,-0.002003787982762,0.0222884155632257,0.0125567397214785,0.0095512524005287,363.58,5127.7900390625,1364.6400146484375,1361.3,-253,-13.200000000000044,0
2024-05-06,109.5054514788266,116.8044612241548,120.90645792144312,115.19943263793442,0.0,0.0010938450419017,0.0010938450419017,0.000656307025141,363.58,5180.740234375,1352.1700439453125,1361.3,-253,0.0,0
2024-05-07,112.28239262695024,117.57906237656329,121.56670581100306,116.78529475845862,0.0253589306342483,0.0066316058846586,0.00546081574889,0.013766232039601,372.8,5187.7001953125,1357.72998046875,1359.7,-253,-1.599999999999909,0
2024-05-08,112.67092343834712,117.86603177228449,121.94294033991054,117.14121549697464,0.0034603004291844,0.0024406504859015,0.0030948813361151,0.0030476502992278,374.09,5187.669921875,1361.93994140625,1360.6,-253,0.8999999999998636,0
2024-05-09,111.08668152520936,118.04909521069293,122.87512537897388,116.79576527475228,-0.0140607875110266,0.0015531483978532,0.0076444362950813,-0.0029490066391815,368.83,5214.080078125,1365.4000244140625,1369.0,-253,8.400000000000091,0
2024-05-10,111.76435154508768,118.41474714070236,123.07779546879787,117.24693300726108,0.0061003714448391,0.003097456438415,0.0016493988445498,0.0038628774891578,371.08,5222.68017578125,1365.4000244140625,1367.0,-258,-2.0,0
2024-05-13,111.73724474429255,118.17709511942208,122.90300648582472,117.1150134304036,-0.0002425353023606,-0.0020069461534035,-0.0014201504203694,-0.001125143093076,370.99,5221.419921875,1363.7900390625,1367.8,-258,0.7999999999999545,0
2024-05-14,111.75230407806764,118.52793102527843,123.38530133055576,117.36337921569844,0.0001347745222244,0.0029687301545345,0.0039241907787395,0.0021206997977456,371.04,5246.68017578125,1362.550048828125,1369.1,-258,1.2999999999999543,0
2024-05-15,111.75230407806764,119.1289091911261,124.01090806683116,117.72068510542628,0.0,0.0050703505971052,0.0050703505971052,0.0030444410523589,371.04,5308.14990234375,1353.5999755859375,1369.1,-258,0.0,0
2024-05-16,112.8245286428529,120.3362660269555,123.06159202279954,118.2579464514168,0.0095946528676154,0.0101348769499127,-0.0076551011425545,0.0045638652672586,374.6,5297.10009765625,1346.0400390625,1344.7,-258,-24.40000000000009,0
2024-05-17,111.61375820733696,119.58180769193608,123.2049309053194,117.56673971897646,-0.0107314468766684,-0.006269584057481,0.0011647735102702,-0.0058449072826096,370.58,5303.27001953125,1346.0400390625,1355.0,-262,10.299999999999956,0
2024-05-20,112.54743690139154,120.59163624370912,124.61144196624412,118.66061768856018,0.0083652652598629,0.0084446670548292,0.0114160289737559,0.0093043149125207,373.68,5308.1298828125,1360.1600341796875,1359.0,-262,4.0,0
2024-05-21,111.9059092825734,120.6412323099193,125.22261805644288,118.57991035172736,-0.0057000642260758,0.0004112728523722,0.0049046546653743,-0.0006801526774843,371.55,5321.41015625,1363.4200439453125,1360.6,-262,6.099999999999909,1
2024-05-22,111.86374314800318,120.36577434121988,125.1026659000374,118.4465605985188,-0.0003767998923428,-0.0022832821202602,-0.0009579112644922,-0.0011245560298792,371.41,5307.009765625,1365.81005859375,1362.4,-262,1.7999999999999543,0
2024-05-23,111.92699234985848,119.67124034765682,124.34386870078578,118.0511387469752,0.0005654128860288,-0.0057701950356267,-0.0060653959193638,-0.0033383987643497,371.62,5267.83984375,1367.6199951171875,1362.0,-262,-0.4000000000000909,0
2024-05-24,110.2584181675803,120.0382636987266,125.21440542113773,117.70557252121732,-0.0149077014154244,0.0030669302833626,0.0070010425881694,-0.0029272587238532,366.08,5304.72021484375,1367.6199951171875,1367.3,-258,5.2999999999999545,0
2024-05-27,111.7884464791278,119.93345042494668,124.60189826383044,118.1553548913441,0.0138767482517483,-0.000873165526977,-0.004891666859314,0.0038212495848122,371.16,5304.72021484375,1360.9300537109375,1361.8,-258,-5.5,0
2024-05-28,111.83964821396306,120.56311884103904,124.80048537717408,118.41845203174934,0.0004580234939108,0.0052501484269929,0.0015937727764239,0.0022267051768172,371.33,5306.0400390625,1362.760009765625,1356.8,-258,-5.0,0
2024-05-29,109.92108909101866,119.80649336374051,124.58922432926988,117.31704022391752,-0.0171545525543317,-0.0062757623108284,-0.0016927902745388,-0.0093010150777559,364.96,5266.9501953125,1370.550048828125,1363.1,-258,6.2999999999999545,0
2024-05-30,108.0356605023794,118.16299822032518,124.3029266439248,115.9477240980942,-0.0171525646646207,-0.0137179137563568,-0.002297932962392,-0.0116719286747242,358.7,5235.47998046875,1375.6199951171875,1378.7,-258,15.599999999999907,0
2024-05-31,107.8880790313837,118.6029109145595,125.3008151509246,116.29552765995264,-0.0013660440479509,0.0037229310432193,0.0080278762048646,0.0029996583767715,358.21,5277.509765625,1375.6199951171875,1384.5,-254,5.7999999999999545,0
2024-06-03,110.07770616227944,119.12141122736436,125.0002249805712,117.30845921139874,0.020295357471874,0.004371733449092,-0.0023989482430049,0.0087099785505759,365.48,5283.39990234375,1370.7900390625,1375.2,-254,-9.299999999999956,0
2024-06-04,109.18619360279506,119.56405578914054,125.45565390734664,117.1810840271927,-0.0080989383824012,0.0037159109954743,0.003643424856605,-0.0010858141438589,362.52,5291.33984375,1373.719970703125,1375.1,-254,-0.099999999999909,0
2024-06-05,110.36684537076084,120.83561065497594,126.48182108544252,118.34991714354464,0.0108131965132958,0.0106349258348836,0.0081795211784854,0.0099745886979565,366.44,5354.02978515625,1368.739990234375,1371.7,-254,-3.400000000000091,0
2024-06-06,110.36684537076084,120.503422644021,126.13411113188998,118.15538344491756,0.0,-0.0027490903480718,-0.0027490903480718,-0.001643716390533,366.44,5352.9599609375,1365.25,1371.7,-254,0.0,0
2024-06-07,111.85771941449316,120.87847926778832,125.99344388252584,118.86936582692344,0.0135083506167448,0.0031124146977573,-0.0011152197300303,0.0060427410177101,371.39,5346.990234375,1365.25,1365.8,-261,-5.900000000000091,0
2024-06-10,110.67405577977236,121.12314507805466,127.12449650248102,118.75853138731524,-0.0105818681170737,0.0020240642647754,0.0089770751961486,-0.0009324054085522,367.46,5360.7900390625,1373.9599609375,1375.3,-261,9.5,0
2024-06-11,110.74935244864773,121.4688752718192,127.7844894220857,119.07933558585307,0.0006803461601263,0.00285436935725,0.0051917052791772,0.0027013149690406,367.71,5375.31982421875,1377.3599853515625,1378.5,-261,3.200000000000045,0
2024-06-12,111.77639901210776,122.01638685545473,128.22086259876497,119.8009390036136,0.0092736123575645,0.0045074228472955,0.003414915054658,0.0060598542493566,371.12,5421.02978515625,1370.4100341796875,1377.0,-261,-1.5,0
2024-06-13,112.86970664417812,122.94469057888227,128.83379047061123,120.7130186635984,0.0097812028454407,0.0076080250149289,0.004780250728497,0.0076132930807604,374.75,5433.740234375,1373.739990234375,1373.1,-261,-3.900000000000091,0
2024-06-14,113.24618998855496,122.4362210955993,128.7830479040348,120.70868423784432,0.0033355570380253,-0.0041357579647309,-0.0003938606975009,-3.59068624252723e-05,376.0,5431.60009765625,1373.739990234375,1378.3,-264,5.2000000000000455,0
2024-06-17,112.60165050298184,123.70067019228873,130.2726502276013,121.22672422976348,-0.005691489361702,0.0103274103478099,0.0115667577977849,0.0042916546989977,373.86,5473.22998046875,1379.06005859375,1380.0,-264,1.7000000000000457,0
2024-06-18,113.76724293717255,123.9720870537919,130.55848694788352,121.88433527673348,0.010351468464131,0.0021941422070006,0.0021941422070006,0.0054246376048536,377.73,5487.02978515625,1378.6099853515625,1378.9,-264,0.0,1
2024-06-19,115.35750858382036,124.10231577786249,130.7990362405132,122.66851613803516,0.0139782384242712,0.0010504681107294,0.0018424638509,0.0064338116913977,383.01,5487.02978515625,1381.1500244140625,1380.0,-264,1.099999999999909,0
2024-06-20,115.89060899945794,124.45060270820083,131.476567901232,123.18933548927372,0.0046212892613768,0.0028064498889911,0.0051799438298072,0.0042457459145628,384.78,5473.169921875,1391.8199462890625,1383.3,-264,3.2999999999999545,0
2024-06-21,114.7159809650022,123.89023101562071,131.27118436799915,122.46503140106068,-0.010135661936691,-0.0045027639913806,-0.0015621303211011,-0.0058796005785428,380.88,5464.6201171875,1391.8199462890625,1387.4,-264,4.099999999999909,0
2024-06-24,113.9660261430035,123.11061158301186,130.33192446328923,121.65071518851651,-0.0065374921235035,-0.0062928241090338,-0.0071551110720295,-0.0066493774037205,378.39,5447.8701171875,1386.1099853515625,1386.2,-264,-1.2000000000000457,0
2024-06-25,114.40575868923568,124.01219536924935,131.29581715090592,122.3756227903462,0.0038584529189462,0.0073233637185662,0.0073956760140387,0.0059589259356702,379.85,5469.2998046875,1390.8900146484375,1386.3,-264,0.099999999999909,0
2024-06-26,115.35750858382032,124.33162690710648,131.7376879451801,123.00043459260012,0.008319073318415,0.0025758074591453,0.0033654597980552,0.005105688437021,383.01,5477.89990234375,1393.3800048828125,1387.4,-264,1.099999999999909,0
2024-06-27,115.13463044394923,124.04820805793372,131.24873267242478,122.6843673301664,-0.0019320644369599,-0.0022795394560749,-0.0037115823146888,-0.0025696434608593,382.27,5482.8701171875,1386.949951171875,1385.4,-264,-2.0,0
2024-06-28,115.66170712607682,124.431879364687,130.71275844617307,122.87321115367656,0.0045779161325765,0.003092920992249,-0.0040836525834456,0.0015392655773489,384.02,5460.47998046875,1386.949951171875,1375.4,-266,-10.0,0
2024-07-01,115.7580868622373,124.06116452474984,130.728923452108,122.8089040597651,0.000833289932816,-0.0029792593492111,0.0001236681570115,-0.0005233613845333,384.34,5475.08984375,1383.4200439453125,1379.7,-266,4.2999999999999545,0
2024-07-02,114.81236070116267,124.08449409602686,131.53883068593365,122.64233821965342,-0.0081698496123223,0.0001880489463918,0.0061953178565135,-0.0013563010059157,381.2,5509.009765625,1383.4200439453125,1388.0,-266,8.299999999999955,0
2024-07-03,115.42376965243066,124.78357896949336,132.43220983699683,123.36118823419582,0.0053252885624344,0.005633942246849,0.0067917522636053,0.0058613528164712,383.23,5537.02001953125,1385.77001953125,1389.6,-266,1.599999999999909,0
2024-07-04,117.02005903258848,125.1485187936,131.90468479708142,123.99886001294408,0.0138298149936069,0.0029245821214654,-0.0039833590375386,0.0051691442655179,388.53,5537.02001953125,1380.25,1380.0,-266,-9.599999999999907,0
2024-07-05,119.11029456056876,125.83940282682838,132.62340245048287,125.29443730885698,0.0178621985432272,0.0055205130663018,0.0054487651784855,0.0104483000551589,395.47,5567.18994140625,1380.25,1379.9,-272,-0.099999999999909,0
2024-07-08,118.80910788506726,125.97695754683755,132.9987010236965,125.3151630700366,-0.0025286368118947,0.0010930973679084,0.0028298065520808,0.0001654164512387,394.47,5572.85009765625,1382.75,1382.3,-272,2.400000000000091,0
2024-07-09,119.20667429672922,126.14950547185198,133.0655025507235,125.55291940608852,0.0033462620731614,0.0013696784584615,0.0005022720260634,0.0018972671002235,395.79,5576.97998046875,1382.4200439453125,1381.1,-272,-1.2000000000000457,0
2024-07-10,119.14944882838394,127.18018042146028,134.47926436082125,126.23739478499084,-0.0004800525531215,0.0081702654778799,0.0106245554482378,0.005451688277263,395.6,5633.91015625,1382.989990234375,1384.5,-272,3.400000000000091,0
2024-07-11,120.02891392084824,125.43446220051965,132.17117805444158,125.43183650892036,0.0073811931243679,-0.0137263386099588,-0.017163138996558,-0.0063812967420829,398.52,5584.5400390625,1371.27001953125,1379.7,-272,-4.7999999999999545,0
2024-07-12,118.15252093247406,126.11738142260404,132.90037002222735,125.05296803123606,-0.0156328415136002,0.0054444305823443,0.0055170270744306,-0.0030205128795778,392.29,5615.35009765625,1371.27001953125,1379.8,-274,0.099999999999909,0
2024-07-15,118.61936027950134,126.59688924743182,134.48308589392457,125.84002618111076,0.0039511585816613,0.0038020756490414,0.0119090403693571,0.0062937982381841,393.84,5631.22021484375,1383.68994140625,1390.9,-274,11.099999999999907,0
2024-07-16,119.06210469248852,127.14329107324492,135.239652733056,126.40357213934516,0.0037324801950031,0.0043160762405872,0.0056257397285499,0.004478272735126,395.31,5667.2001953125,1382.6400146484375,1382.0,-274,1.7999999999999543,1
2024-07-17,117.92964279260298,125.37914330776584,132.97126071521862,124.75901927720724,-0.0095115226025144,-0.0138752721483571,-0.0167731280877723,-0.013010335343411,391.55,5588.27001953125,1378.6500244140625,1378.0,-274,-4.0,0
2024-07-18,117.1616167700742,124.9200702157942,132.56253991868476,124.1819312364934,-0.0065125782147874,-0.0036614789338986,-0.0030737528871686,-0.00462562181121,389.0,5544.58984375,1385.239990234375,1378.8,-274,0.7999999999999545,0
2024-07-19,115.62255285826166,123.52149870004556,131.61600818407868,122.84712854838617,-0.0131362467866323,-0.011195731104959,-0.0071402655319269,-0.010748767351389,383.89,5505.0,1385.239990234375,1384.3,-266,5.5,0
2024-07-22,114.40274682248068,124.95978406446189,133.21504309606044,123.20559851764445,-0.0105498971059417,0.0116440083673936,0.0121492433484637,0.0029180166723805,379.84,5564.41015625,1387.0999755859375,1385.0,-266,0.7000000000000455,0
2024-07-23,114.94789470513834,124.63558482457664,132.76487868524336,123.21450243055598,0.0047651642796966,-0.0025944286180745,-0.0033792310564541,7.226873631283048e-05,381.65,5555.740234375,1384.5699462890625,1383.9,-266,-1.099999999999909,0
2024-07-24,114.04734654538892,121.75986492235762,129.5116546082452,121.06282555427704,-0.00783440324905,-0.0230730244999175,-0.0245036496791507,-0.0174628540783309,378.66,5427.1298828125,1382.6500244140625,1381.9,-266,-2.0,0
2024-07-25,111.818565146678,120.91091935660462,128.73193939743794,119.64398431395117,-0.0195425975809434,-0.0069722939188077,-0.0060204250587779,-0.0117198754764711,371.26,5399.22021484375,1381.4300537109375,1383.2,-266,1.2999999999999543,0
2024-07-26,112.70405397265232,122.21621676238571,130.15963694238195,120.80953605210874,0.0079189786133706,0.0107955295743915,0.0110904687028463,0.0097418331965535,374.2,5459.10009765625,1381.4300537109375,1383.6,-262,0.4000000000000909,0
2024-07-29,114.06842961267402,122.58329809924663,130.25888981751427,121.53102951838852,0.0121058257616248,0.0030035403368327,0.0007625472647581,0.0059721565851273,378.73,5463.5400390625,1381.3599853515625,1380.5,-262,-3.099999999999909,0
2024-07-30,112.90584904523833,121.83733315884189,129.8135805626785,120.68734320184792,-0.0101919573310802,-0.0060853717592164,-0.0034186477058082,-0.0069421473666768,374.87,5436.43994140625,1383.5,1384.2,-262,3.7000000000000455,0
2024-07-31,114.5985181615566,123.13649433827048,130.37882562994565,121.95575892830576,0.0149918638461332,0.0106630795811564,0.0043542830019562,0.0105099316366295,380.49,5522.2998046875,1367.9200439453125,1375.5,-262,-8.700000000000045,0
2024-08-01,114.61357749533168,122.37403388869188,128.69218281292123,121.2664659421688,0.0001314094982785,-0.0061919941255112,-0.012936478058267,-0.0056519921010222,380.54,5446.68017578125,1368.969970703125,1366.1,-262,-9.400000000000093,0
2024-08-02,109.98433829287396,119.78884057180012,126.32658101356525,117.8562678031314,-0.0403899721448468,-0.0211253419924293,-0.0183818608686967,-0.0281215265287247,365.17,5346.56005859375,1368.969970703125,1369.9,-258,3.7999999999999545,0
2024-08-05,99.9518101319198,115.97824486476048,122.40019444062472,111.33236128724428,-0.091217788974998,-0.0318109407257817,-0.0310812383382629,-0.0553547693092125,331.86,5186.330078125,1367.4000244140625,1370.9,-258,1.0,0
2024-08-06,102.92452261911936,117.09630964480424,123.93071979793665,113.3649316098534,0.0297414572410052,0.0096402974656801,0.0125042722710244,0.0182567790632319,341.73,5240.02978515625,1370.31005859375,1374.7,-258,3.7999999999999545,0
2024-08-07,105.14125655081024,116.59003237278976,123.42264687824104,114.02345399174465,0.0215374711029174,-0.0043235971616033,-0.0040996527779711,0.0058088720430542,349.09,5199.5,1375.3299560546875,1375.0,-258,0.2999999999999545,0
2024-08-08,104.42142039636173,119.10545228896557,126.12249297232006,115.21300829551376,-0.0068463719957603,0.0215749139526172,0.0218748030638369,0.0104325405179819,346.7,5319.31005859375,1373.760009765625,1375.4,-258,0.4000000000000909,0
2024-08-09,105.8731401722788,120.74576098982332,126.71169650294492,116.48432055813018,0.0139025093740985,0.013771902707511,0.0046716768495385,0.0110344507224007,351.52,5344.16015625,1373.760009765625,1363.0,-254,-12.400000000000093,0
2024-08-12,107.10499367507984,119.6691403835596,126.32789462563768,116.60901290163028,0.011635184342285,-0.0089164256984098,-0.0030289380372894,0.0010704646162043,355.61,5344.39013671875,1369.5400390625,1371.1,-254,8.099999999999909,0
2024-08-13,107.52966688753692,121.1269833665034,127.7649441051788,117.61414289974104,0.0039650178566406,0.0121822800621042,0.0113755515660234,0.008619659605203,357.02,5434.43017578125,1362.1700439453125,1370.0,-254,-1.099999999999909,0
2024-08-14,108.5446659839769,121.8648113007706,127.6452412064184,118.24135806026794,0.0094392471010027,0.0060913589504222,-0.0009368993944212,0.005332820909655,360.39,5455.2099609375,1355.7099609375,1360.3,-254,-9.700000000000044,0
2024-08-15,108.5446659839769,124.54334490369196,130.45082605224033,119.79029903272958,0.0,0.0219795490948617,0.0219795490948617,0.0130998239353115,360.39,5543.22021484375,1363.510009765625,1360.3,-254,0.0,0
2024-08-16,111.17101379434976,125.08078019741237,130.71039441305678,121.17325450390048,0.0241960098781874,0.0043152469859869,0.0019897793572614,0.0115448035637095,369.11,5554.25,1363.510009765625,1357.0,-267,-3.2999999999999545,0
2024-08-19,110.08975362929944,125.0842948132461,128.82277085946382,120.17789022039672,-0.0097260979111918,2.809876807766755e-05,-0.0144412658386439,-0.0082143892856464,365.52,5608.25,1330.8800048828125,1337.3,-267,-19.700000000000045,0
2024-08-20,111.1348713932896,124.55407573292932,128.2483200349537,120.31969221415646,0.0094933245786825,-0.0042388941082365,-0.0044592335708785,0.0011799341251512,368.99,5597.1201171875,1327.5799560546875,1329.4,-267,-0.2999999999999545,1
2024-08-21,110.90295765315346,125.30589247403184,129.38189596528537,120.75233918786697,-0.0020867774194421,0.0060360669586964,0.0088389144592515,0.0035958118388503,368.22,5620.85009765625,1333.6600341796875,1333.2,-267,3.7999999999999545,0
2024-08-22,111.16800192759476,124.7432753272915,128.79149192731654,120.54018543641456,0.0023898756178371,-0.0044899496394946,-0.0045632662403342,-0.0017569328501565,369.1,5570.64013671875,1339.5400390625,1333.1,-267,-0.099999999999909,0
2024-08-23,110.809589783748,125.918512560095,130.27045239145804,121.13679356813276,-0.003224058520726,0.0094212471952496,0.0114833708501191,0.0049494542385029,367.91,5634.60986328125,1339.5400390625,1335.9,-271,2.7999999999999545,0
2024-08-26,110.32769110294564,125.52390383562812,128.6090422881679,120.3487052042851,-0.0043488896741051,-0.0031338420097565,-0.0127535452037708,-0.0065057720337001,366.31,5616.83984375,1326.6400146484375,1323.0,-271,-12.900000000000093,0
2024-08-27,109.80061442081804,125.07786679582613,128.78700862191158,120.03914248592922,-0.0047773743550544,-0.0035534031859468,0.0013837777700336,-0.0025722147806277,364.56,5625.7998046875,1326.3599853515625,1329.6,-271,6.599999999999909,0
2024-08-28,110.0174688271791,124.7447099605365,129.01440579925054,120.10125289498508,0.0019749835418036,-0.0026635954371803,0.0017656841305053,0.0005174179669198,365.28,5592.18017578125,1336.68994140625,1335.5,-271,5.900000000000091,0
2024-08-29,108.45732184808146,124.67534194941776,128.64161302641895,119.29501655723682,-0.0141809023215067,-0.0005560797819858,-0.0028895437724346,-0.0067129719158984,360.1,5591.9599609375,1332.8800048828125,1332.4,-271,-3.099999999999909,0
2024-08-30,108.8940425275586,125.802237855169,129.93999948704007,120.17342187753552,0.0040266592613162,0.0090386429917188,0.0100930517744244,0.0073633027233561,361.55,5648.39990234375,1332.8800048828125,1333.8,-270,1.400000000000091,0
2024-09-02,109.0566833323294,126.02631850640071,130.3952734094002,120.43574953032686,0.0014935693541695,0.0017812135543223,0.0035037242123856,0.0021829090716802,362.09,5648.39990234375,1337.550048828125,1336.1,-270,2.2999999999999545,0
2024-09-03,108.06577916992956,123.29474535889564,127.91019071793882,118.52603671149964,-0.0090861388052693,-0.0216746246329996,-0.019058073398558,-0.0158566939324468,358.8,5528.93017578125,1340.4100341796875,1339.6,-270,3.5,0
2024-09-04,104.40937292934164,122.17737536181292,126.8096382655896,116.2864179076737,-0.0338350055741359,-0.0090625921958812,-0.0086041029739067,-0.0188955850205075,346.66,5520.06982421875,1331.010009765625,1340.2,-270,0.599999999999909,0
2024-09-05,104.18649478947054,122.48030676490366,126.59600188170252,116.21557172372096,-0.0021346564357007,0.0024794394395332,-0.0016847014691394,-0.0006092386817605,345.92,5503.41015625,1332.7900390625,1334.8,-270,-5.400000000000091,0
2024-09-06,103.1172820914403,121.09172556967172,124.41092325803788,114.7393980926318,-0.0102624884366328,-0.0113371792732138,-0.0172602498592846,-0.0127020295920281,342.37,5408.419921875,1332.7900390625,1327.1,-258,-7.700000000000045,0
2024-09-09,102.45768327209208,122.23867575837669,126.6523511708494,115.39201133751224,-0.0063965884861406,0.0094717470026062,0.0180163272975848,0.0056877868956011,340.18,5471.0498046875,1341.27001953125,1338.5,-258,11.400000000000093,0
2024-09-10,101.94566592373955,122.5755513989591,127.41515910284764,115.47093463855718,-0.004997354341819,0.0027558842444295,0.0060228485689084,0.0006839581018662,338.48,5495.52001953125,1343.3399658203125,1342.9,-258,4.400000000000091,0
2024-09-11,101.09330763207036,123.93484958165344,128.3752713279486,115.7436040240156,-0.008360907586859,0.011089472306513,0.0075353060959253,0.0023613681339975,335.65,5554.1298828125,1339.1800537109375,1338.1,-258,-4.7999999999999545,0
2024-09-12,103.56303837118249,124.4112985339218,129.00040912846086,117.15123807970018,0.0244302100402205,0.0038443501071461,0.0048696123018525,0.0121616573767004,343.85,5595.759765625,1335.68994140625,1339.5,-258,1.400000000000091,0
2024-09-13,103.51484850310224,125.94631057544954,129.69800611220154,117.75914576732444,-0.000465319179875,0.0123382044847736,0.0054077114053645,0.0051890846190689,343.69,5626.02001953125,1335.68994140625,1330.0,-264,-9.5,0
2024-09-16,103.51484850310224,124.53923885031266,128.24902045812965,116.96978291757485,0.0,-0.0111719963745501,-0.0111719963745501,-0.00670319782473,343.69,5633.08984375,1319.1099853515625,1330.0,-264,0.0,0
2024-09-17,103.51484850310224,124.93293976263988,128.65444895460638,117.19064790160644,0.0,0.0031612599848986,0.0031612599848986,0.0018882225693042,343.69,5634.580078125,1322.9300537109375,1330.0,-264,0.0,0
2024-09-18,103.51484850310224,124.507983661545,128.2168342381022,116.9522488541477,0.0,-0.0034014736377953,-0.0034014736377953,-0.0020342838931899,343.69,5618.259765625,1322.260009765625,1330.0,-264,0.0,0
2024-09-19,103.39136196614662,127.3222959940599,130.92113592431647,118.42207767015672,-0.0011929354941954,0.0226034688680298,0.0210916273380477,0.0125677687296295,343.28,5713.64013671875,1327.6099853515625,1325.5,-264,-2.0,1
2024-09-20,103.81001144509368,126.79280541875458,130.66701441288666,118.3948409119888,0.0040491726870195,-0.0041586634231762,-0.0019410273951238,-0.0002299973003664,344.67,5702.5498046875,1327.6099853515625,1328.5,-268,3.0,0
2024-09-23,104.14432865490032,127.35148418095818,131.62727711954386,118.96488102805006,0.0032204717555921,0.0044062339370002,0.0073489297277653,0.0048147378016667,345.78,5718.56982421875,1333.6199951171875,1332.4,-268,3.900000000000091,0
2024-09-24,105.297873622071,126.79727237321036,131.09401059613023,119.19092011062524,0.0110764069639657,-0.0043518284165446,-0.0040513374969333,0.001900048826358,349.61,5732.93017578125,1324.8900146484375,1332.8,-268,0.4000000000000909,0
2024-09-25,103.77688091078856,127.99103276337856,131.85344669409767,119.03788706095494,-0.0144446669145619,0.0094147166403905,0.0057930647976518,-0.0012839321110053,344.56,5722.259765625,1335.050048828125,1328.0,-268,-4.7999999999999545,0
2024-09-26,107.35497861574608,126.58656256820451,130.2291909539977,119.83526263780224,0.0344787555142791,-0.0109731921436287,-0.0123186445316691,0.0066985024393031,356.44,5745.3701171875,1313.300048828125,1326.2,-268,-1.7999999999999543,0
2024-09-27,106.5990000602374,127.29851833474616,130.0659855222967,119.64546350753642,-0.0070418583772864,0.005624260206592,-0.0012532169669905,-0.001583833723797,353.93,5738.169921875,1313.300048828125,1317.1,-273,-9.099999999999907,0
2024-09-30,103.83711824588886,129.06171831984898,130.8189055990612,119.11044098480008,-0.0259090780662842,0.0138509073645796,0.0057887546366641,-0.0044717326261404,344.76,5762.47998046875,1315.3299560546875,1306.5,-273,-10.599999999999907,0
2024-10-01,103.83711824588886,128.78276571598218,130.53615502959005,118.95375708993475,0.0,-0.0021613891981159,-0.0021613891981159,-0.0013154505479944,344.76,5708.75,1324.8399658203125,1306.5,-273,0.0,0
2024-10-02,102.62032407686291,127.72459239865182,130.474406155992,118.09206327738282,-0.0117182967861699,-0.008216730798157,-0.0004730403893392,-0.0072439394402689,340.72,5709.5400390625,1324.030029296875,1316.8,-273,10.299999999999956,0
2024-10-03,102.62032407686291,128.50947403718024,131.27618570186135,118.53463485317324,0.0,0.0061451097536382,0.0061451097536382,0.0037476826427433,340.72,5699.93994140625,1334.4100341796875,1316.8,-273,0.0,0
2024-10-04,102.92753448587442,128.13246800005658,132.4537658272674,118.89122705744686,0.0029936604836815,-0.0029336828272645,0.0089702493952743,0.0030083376450715,341.74,5751.06982421875,1334.4100341796875,1332.6,-267,15.799999999999956,0
2024-10-07,104.61417986868268,126.35670768357814,131.9665941780024,119.04502951035045,0.0163867267513313,-0.0138587849293409,-0.0036780505727584,0.0012936400499026,347.34,5695.93994140625,1342.3699951171875,1346.2,-267,13.599999999999907,0
2024-10-08,103.6774893078731,127.26926439904273,133.1400537893965,119.1822557174461,-0.0089537628836297,0.0072220678442319,0.0088920959027802,0.0011527252138125,344.23,5751.1298828125,1341.31005859375,1348.4,-267,2.200000000000045,0
2024-10-09,103.6774893078731,128.33798569463855,134.25807400781594,119.7808107580528,0.0,0.008397324370831,0.008397324370831,0.0050221825136935,344.23,5792.0400390625,1343.02001953125,1348.4,-267,0.0,0
2024-10-10,103.97265224986457,128.62681026293507,134.6505299121632,120.10326673439428,0.0028469337361647,0.0022504994661808,0.0029231456450389,0.0026920503735177,345.21,5780.0498046875,1349.739990234375,1349.3,-267,0.900000000000091,0
2024-10-11,104.0449370519849,129.33809762662,135.4654143968288,120.55409478708556,0.0006952289910489,0.0055298530860785,0.0060518475879536,0.0037536701952352,345.45,5815.02978515625,1349.739990234375,1350.0,-268,0.7000000000000455,0
2024-10-14,105.33702788988624,130.58290269720314,137.27110618597482,121.98309771632388,0.0124185844550586,0.0096244269354935,0.0133295409546858,0.0118536241490769,349.74,5859.85009765625,1357.27001953125,1355.0,-268,5.0,0
2024-10-15,105.7376061683032,129.52095354342217,136.81972493605397,121.75129674314644,0.0038028249556814,-0.0081323751566728,-0.0032882466125778,-0.0019002712467303,351.07,5815.259765625,1363.1800537109375,1361.6,-268,6.599999999999909,0
2024-10-16,104.59008493464258,130.1668532920107,137.5627685003182,121.59844184212918,-0.0108525365311761,0.0049868359591098,0.0054308219418763,-0.0012554683613739,347.26,5842.47021484375,1364.199951171875,1362.2,-268,0.599999999999909,0
2024-10-17,104.73164267212827,130.1659548657523,138.1290325415393,121.81497809294235,0.0013534527443415,-6.902112447843805e-06,0.0041164048048349,0.0017807485649719,347.73,5841.47021484375,1370.050048828125,1367.8,-268,5.599999999999909,0
2024-10-18,104.03590145171988,130.45289386892588,138.67761927905798,121.7192191889087,-0.0066430851522732,0.0022044090059455,0.0039715527389487,-0.0007861012293627,345.42,5864.669921875,1370.050048828125,1370.2,-267,2.400000000000091,0
2024-10-21,104.39732546232165,130.71367462828465,139.07652140233955,122.0663948233959,0.0034740316136876,0.0019990415821729,0.0028764708058541,0.002852266361883,346.62,5853.97998046875,1376.5,1371.4,-267,1.2000000000000457,0
2024-10-22,103.03294982229994,130.25378451631826,139.02360935554367,121.28521885495584,-0.0130690669897871,-0.0035183014575496,-0.0003804527627118,-0.0063995989196719,342.09,5851.2001953125,1376.6300048828125,1378.4,-267,4.2999999999999545,1
2024-10-23,104.29191012589612,128.92282684495393,137.81683719242668,121.18408326137924,0.0122190066941447,-0.0102181881033758,-0.0086803397546006,-0.0008338657796177,346.27,5797.419921875,1377.3399658203125,1380.5,-267,2.099999999999909,0
2024-10-24,103.27088729594612,129.26594049416914,138.01027839721672,120.8532340720026,-0.0097900482282611,0.0026613878830617,0.0014036108267376,-0.0027301373288689,342.88,5809.85986328125,1376.3199462890625,1378.8,-267,-1.7000000000000457,0
2024-10-25,103.41846876694184,128.19706354157046,137.9689516099294,120.6122236436193,0.0014290713952402,-0.008268821226322,-0.0002994471699301,-0.0019942406194913,343.37,5808.1201171875,1376.3199462890625,1389.6,-263,10.799999999999956,0
2024-10-28,104.59309680139758,130.16443790603267,139.4745677332318,122.11034383326792,0.0113580103095785,0.0153464854038897,0.0109127169970757,0.0124209648441206,347.27,5823.52001953125,1387.6600341796875,1383.5,-263,-6.099999999999909,0
2024-10-29,104.89729534365408,129.6535831261,139.12686249802405,122.01687502162837,0.002908399804187,-0.0039246877883918,-0.0024929651395141,-0.0007654454872979,348.28,5832.919921875,1381.969970703125,1385.5,-263,2.0,0
2024-10-30,103.90940304800924,129.83270115197308,138.78913177991373,121.51800464626828,-0.0094177098885953,0.0013815123466267,-0.0024275018644592,-0.0040885359117059,345.0,5813.669921875,1383.1800537109375,1380.2,-263,-5.2999999999999545,0
2024-10-31,102.19866273116084,127.00986590504004,135.75164341874014,119.12658500145088,-0.016463768115942,-0.0217420974984478,-0.0218856355841342,-0.0196795499710408,339.32,5705.4501953125,1378.5699462890625,1380.0,-263,-0.2000000000000454,0
2024-11-01,101.64749111499314,127.11973172687296,135.74955941615525,118.89992563445372,-0.0053931392196157,0.0008650180129712,-1.5351582731693014e-05,-0.0019026766107195,337.49,5728.7998046875,1372.9300537109375,1378.8,-260,-1.2000000000000457,0
2024-11-04,103.48774170230718,128.0490217702905,135.99982326318806,120.08748297453852,0.0181042401256334,0.0073103524590042,0.0018435702341073,0.009987872858187,343.6,5712.68994140625,1379.3399658203125,1371.3,-260,-7.5,0
2024-11-05,102.84621408348904,128.43620713175036,137.0212005687716,120.16434287457344,-0.0061990686845169,0.0030237276014059,0.0075101370066266,0.000640032567351,341.47,5782.759765625,1372.8599853515625,1377.5,-260,6.2000000000000455,0
2024-11-06,102.58719354255776,130.26939457501342,141.01326608497706,121.60651202775144,-0.0025185228570592,0.0142731359341884,0.0291346558024194,0.0120016397433582,340.61,5929.0400390625,1378.0,1398.1,-260,20.59999999999991,0
2024-11-07,102.66550207818814,133.54528668876804,144.30858489607957,123.42826014620584,0.000763336367106,0.0251470587120004,0.0233688567224354,0.0149806789790882,340.87,5973.10009765625,1399.800048828125,1395.6,-260,-2.5,0
2024-11-08,102.3161255346064,132.23566445997145,141.98226449710182,122.28603685684534,-0.0034030568838561,-0.0098065776881269,-0.0161204574256825,-0.0092541472107562,339.71,5995.5400390625,1372.0799560546875,1386.5,-267,-9.099999999999907,0
2024-11-11,100.78910908981392,134.15192855490653,144.7217799782358,122.7954826976468,-0.0149244944217126,0.0144912804178872,0.0192947724199024,0.0041660180826519,334.64,6001.35009765625,1397.199951171875,1393.1,-267,6.599999999999909,0
2024-11-12,98.58141075838812,132.98744985080194,144.64914802138745,121.39821994255908,-0.0219041357877121,-0.0086802979028958,-0.0005018730204897,-0.0113787797758662,327.31,5983.990234375,1400.550048828125,1404.5,-267,11.400000000000093,0
2024-11-13,96.0303596168906,133.31858322708007,145.31289282391907,120.44200123459343,-0.0258776083834897,0.002489959591297,0.0045886533837964,-0.0078767111117286,318.84,5985.3798828125,1406.6500244140625,1407.4,-267,2.900000000000091,0
2024-11-14,95.68700680681891,131.93574038752513,143.64828948827815,119.46411013352268,-0.0035754610462928,-0.0103724687592844,-0.0114553038157322,-0.0081191867541794,317.7,5949.169921875,1399.0,1405.9,-267,-1.5,0
2024-11-15,96.5393650984881,131.28794456360382,141.93704837913054,119.24972618139311,0.0089077746301542,-0.0049099343515153,-0.0119127148345699,-0.0017945469303705,320.53,5870.6201171875,1400.8299560546875,1396.3,-255,-9.599999999999907,0
2024-11-18,98.92175170170478,131.5107877032153,141.83398450082552,120.4616041807457,0.0246778772657785,0.0016973617825475,-0.0007261238660517,0.0101625222812602,328.44,5893.6201171875,1394.3499755859375,1392.9,-255,-3.400000000000091,0
2024-11-19,98.82236009878928,132.0500557253769,141.90085815845958,120.5762965979754,-0.0010047497259773,0.0041005611142606,0.0004714924837614,0.0009521076695744,328.11,5916.97998046875,1389.5,1388.8,-255,-5.099999999999909,1
2024-11-20,99.09643997349562,132.31511224596508,142.1756314561984,120.85320065589548,0.0027734601200815,0.0020072427772345,0.0019363751657652,0.0022965049162466,329.02,5917.10986328125,1392.1600341796875,1388.7,-255,-0.099999999999909,0
2024-11-21,99.23799771098132,132.75736054311193,143.49549637043555,121.37632218100516,0.0014284845906025,0.003342386894739,0.0092833413203006,0.0043285698870247,329.49,5948.7099609375,1397.6199951171875,1397.1,-255,8.400000000000091,0
2024-11-22,100.10240346967056,133.041519778816,144.19712509158896,122.05769827426911,0.0087104312725727,0.0021404405340808,0.0048895522082597,0.0056137480607447,332.36,5969.33984375,1399.5999755859375,1401.0,-262,3.900000000000091,0
2024-11-25,101.38847057406186,133.8066478785619,145.0367270357535,123.10874927782548,0.0128475147430495,0.0057510475001935,0.005822598360621,0.0086110996554644,336.63,5987.3701171875,1403.510009765625,1401.1,-262,0.099999999999909,0
2024-11-26,101.07824829829536,134.1432009432017,145.0403905293614,123.05100469523396,-0.0030597391795145,0.002515219310667,2.525907528916349e-05,-0.0004690534420197,335.6,6021.6298828125,1395.56005859375,1397.6,-262,-3.5,0
2024-11-27,100.0903560026505,133.72926777661826,144.45902834110004,122.30762025209816,-0.0097735399284863,-0.0030857558465352,-0.0040082778744564,-0.0060412708126761,332.32,5998.740234375,1395.27001953125,1396.3,-262,-1.2999999999999543,0
2024-11-28,99.8283235949642,133.2393459825995,143.75498651935072,121.86619273369304,-0.0026179585941261,-0.0036635345587707,-0.004873643619469,-0.0036091579371362,331.45,5998.740234375,1388.469970703125,1394.6,-262,-1.7000000000000457,0
2024-11-29,98.02120354195534,134.50973872170434,145.06401925754028,121.66687142067468,-0.0181022778699653,0.0095346665786754,0.0091059988240014,-0.0016355751217562,325.45,6032.3798828125,1393.300048828125,1394.0,-262,-0.599999999999909,0
2024-12-02,97.9880730076502,134.74013398211545,146.1038650100319,121.97458077220227,-0.0003379935473959,0.0017128518916225,0.0071681851765428,0.0025291137014913,325.34,6047.14990234375,1399.8599853515625,1401.6,-262,7.599999999999909,0
2024-12-03,99.8253117282092,134.7813517409887,146.2951320698048,122.94606526239886,0.0187496157865618,0.0003059055802832,0.0013091170432744,0.0079646470932408,331.44,6049.8798828125,1401.06005859375,1403.0,-262,1.400000000000091,0
2024-12-04,98.36455635202704,135.89002696113633,148.2949969416409,123.02485074531528,-0.0146331160994449,0.0082257315706268,0.0136700712015618,0.0006408133741269,326.59,6086.490234375,1411.6700439453125,1410.6,-262,7.599999999999909,0
2024-12-05,97.54532859466303,135.20476499432618,147.9264970470337,122.33944100314514,-0.0083284852567437,-0.0050427686426621,-0.0024849111716976,-0.0055713113083882,323.87,6075.10986328125,1410.800048828125,1414.2,-262,3.599999999999909,0
2024-12-06,97.00319257876038,134.05944997780887,147.15934612936476,121.5664608597197,-0.0055577855312316,-0.008470966363984,-0.0051860277433938,-0.0063183233231021,322.07,6090.27001953125,1399.989990234375,1418.8,-261,4.599999999999909,0
2024-12-09,94.49430757183308,133.7763959986114,148.78644276283538,120.63501995109291,-0.0258639426211693,-0.0021114063890632,0.0110566992601357,-0.007661989187146,313.74,6052.85009765625,1424.219970703125,1437.2,-261,18.40000000000009,0
2024-12-10,96.61767363411847,134.61016608450493,148.5933562522491,121.8784083713398,0.0224708357238478,0.0062325650176895,-0.0012977426370363,0.0103070271033318,320.79,6034.91015625,1426.5999755859375,1426.7,-261,-10.5,0
2024-12-11,97.54231672790802,135.90965947495974,150.57855603578545,123.18742390225432,0.0095701237569749,0.0096537537115808,0.0133599498228325,0.0107403398879823,323.86,6084.18994140625,1433.949951171875,1431.9,-261,5.2000000000000455,0
2024-12-12,99.10246370700564,134.7405560286784,149.26201067690283,123.32518679050592,0.0159945655530167,-0.0086020629497399,-0.0087432460075504,0.0011183194183921,329.04,6051.25,1429.1500244140625,1431.7,-261,-0.2000000000000454,0
2024-12-13,99.5391843864828,134.43308062942089,149.12333067125073,123.4260947689779,0.0044067590566496,-0.0022819810777096,-0.0009291044990161,0.0008182268448002,330.49,6051.08984375,1427.8599853515625,1433.6,-259,1.900000000000091,0
2024-12-16,99.2741401120415,135.22812564317883,150.38076303939803,123.82584490271446,-0.00266271294139,0.0059140578348389,0.0084321639175253,0.003238781349153,329.61,6074.080078125,1434.449951171875,1437.2,-259,3.599999999999909,0
2024-12-17,97.96096620685503,134.10418686943407,149.47596189581455,122.64028442505924,-0.0132277540123176,-0.0083114275850457,-0.0060167346228083,-0.0095744186408474,325.25,6050.60986328125,1431.3499755859375,1437.4,-259,3.2999999999999545,1
2024-12-18,99.30727064634664,130.96740456849693,145.58134234978965,121.47700516817147,0.0137432744043044,-0.0233906365950465,-0.0260551562714776,-0.0094852948388144,329.72,5872.16015625,1436.4200439453125,1433.6,-259,-3.7999999999999545,0
2024-12-19,97.09656044816582,130.5822799708316,146.98243127746247,120.6223326763552,-0.0222613126288973,-0.002940614108787,0.0096240967768137,-0.0070356730529625,322.38,5867.080078125,1451.5,1451.1,-259,17.5,0
2024-12-20,95.87675441238484,130.8743142364463,147.14179533081,120.13732874893596,-0.0125628140703517,0.0022364004188006,0.0010842387893741,-0.004020846858604,318.33,5930.85009765625,1437.449951171875,1449.5,-251,-1.599999999999909,0
2024-12-23,97.27727245346672,132.46782139455672,149.03584629867922,121.74205541825816,0.0146074828008671,0.0121758587038819,0.0128722839327257,0.013357435911329,322.98,5974.06982421875,1445.4200439453125,1450.5,-251,1.0,0
2024-12-24,97.4007589904223,133.10438330539256,150.39805004602152,122.3129110794627,0.0012694284475818,0.0048054078653549,0.0091401081093762,0.004689058840376,323.39,6040.0400390625,1442.699951171875,1456.8,-251,6.2999999999999545,0
2024-12-25,97.4007589904223,134.09342564675117,151.51559430609294,122.85901481603943,0.0,0.0074305767909188,0.0074305767909188,0.0044648085942617,323.39,6040.0400390625,1453.4200439453125,1456.8,-251,0.0,0
2024-12-26,96.81645683994944,133.55956956774966,151.89074494519124,122.51102606496757,-0.0059989486378675,-0.0039812248544374,0.0024759869821744,-0.0028324234212112,321.45,6037.58984375,1457.6099853515625,1466.3,-251,9.5,0
2024-12-27,96.08758508523586,132.88737783081544,151.17812116454067,121.78603921085538,-0.0075283869964225,-0.0050328983472295,-0.0046916866521901,-0.0059177273866575,319.03,5970.83984375,1466.989990234375,1466.8,-249,0.5,0
2024-12-30,95.72314920787908,131.55117375800606,150.1525513484459,120.98605077772876,-0.0037927467636271,-0.0100551617062575,-0.0067838507860442,-0.0065688024531412,317.82,5906.93994140625,1472.800048828125,1471.6,-249,4.7999999999999545,0
2024-12-31,95.72314920787908,130.50634704028653,148.95998580227143,120.41057602666676,0.0,-0.0079423595234622,-0.0079423595234622,-0.0047565380253565,317.82,5881.6298828125,1467.3900146484375,1471.6,-249,0.0,0
2025-01-01,95.72314920787908,130.50634704028653,148.95998580227143,120.41057602666676,0.0,0.0,0.0,0.0,317.82,5881.6298828125,1467.3900146484375,1471.6,-249,0.0,0
2025-01-02,95.708089874104,131.1676382265332,149.24961042741492,120.65475016482505,-0.0001573217544522,0.0050671189658119,0.0019443115786001,0.0020278462757639,317.77,5868.5498046875,1473.52001953125,1467.1,-249,-4.5,0
2025-01-03,97.5844828624782,132.66938525035695,150.93776902068709,122.42691405457772,0.0196053749567297,0.0114490665847788,0.0113109748724815,0.0146878915859651,324.0,5942.47021484375,1471.6500244140625,1466.9,-250,-0.2000000000000454,0
2025-01-06,99.8494066622493,132.78612711173918,151.14250410452374,123.64565690433233,0.0232098765432098,0.0008799457475583,0.0013564204980966,0.0099548604909807,331.52,5975.3798828125,1465.530029296875,1467.6,-250,0.7000000000000455,0
2025-01-07,99.65965905668337,132.13051365355332,148.8441452152285,122.80967096685656,-0.0019003378378378,-0.0049373641090847,-0.0152065688134013,-0.0067611427558881,330.89,5909.02978515625,1459.449951171875,1452.5,-250,-15.099999999999907,0
2025-01-08,100.88247695921936,131.46063362979984,148.30315896371263,123.10622842132268,0.0122699386503066,-0.005069835916251,-0.0036345820034345,0.0024147728117125,334.95,5918.25,1451.8800048828125,1454.6,-250,2.099999999999909,0
2025-01-09,101.018010963195,131.51537186830666,148.92522219627728,123.34076529951376,0.0013434841021047,0.0004163850195714,0.0041945379782291,0.0019051585057774,335.4,5918.25,1457.969970703125,1460.1,-250,5.5,0
2025-01-10,100.76200228901877,128.68526164128653,146.35447514242904,121.80326095241554,-0.0025342874180082,-0.0215192352560433,-0.0172619991156374,-0.0124655003020665,334.55,5827.0400390625,1455.22998046875,1466.3,-251,6.2000000000000455,0
2025-01-13,99.4849707848925,129.99766846408127,148.29947187386986,122.04406188356378,-0.0126737408459124,0.0101985791228611,0.0132896293710731,0.0019769662098152,330.31,5836.22021484375,1472.25,1470.8,-251,4.5,0
2025-01-14,99.61448105535814,129.69933091915755,147.12217309108152,121.7280275318426,0.001301807393055,-0.002294945351317,-0.0079386579595486,-0.0025895102706652,330.74,5842.91015625,1458.8900146484375,1462.5,-251,-8.299999999999955,0
2025-01-15,99.68375399072347,132.36507359522415,149.97555602633147,123.23089405850948,0.0006954102920724,0.0205532492509784,0.0193946491905299,0.0123461010347329,330.97,5949.91015625,1460.43994140625,1460.8,-251,-1.7000000000000457,0
2025-01-16,101.11740256611051,130.34777669523476,147.27923582357798,122.67807774092508,0.0143819681542134,-0.0152404017555139,-0.017978397774902,-0.0044860205049062,335.73,5937.33984375,1437.219970703125,1456.7,-251,-4.099999999999909,0
2025-01-17,100.92464309378956,132.868512720034,150.4170414005508,124.08408165733276,-0.0019062937479523,0.0193385425414117,0.0213051456943429,0.0114609222959698,335.09,5996.66015625,1453.3199462890625,1459.6,-256,2.900000000000091,0
2025-01-20,100.57827841696287,133.77880922507106,150.83725307048908,124.27277136022062,-0.003431913814199,0.0068511078087786,0.0027936440314584,0.0015206600263917,333.94,5996.66015625,1457.3800048828125,1453.7,-256,-5.900000000000091,0
2025-01-21,100.72887175471364,133.83313502407304,149.87855064129445,124.124791974423,0.0014972749595736,0.0004060867286581,-0.0063558730332129,-0.0011907627405256,334.44,6049.240234375,1435.530029296875,1438.6,-256,-9.900000000000093,1
2025-01-22,102.02999819288002,133.94199491400568,149.7753371326946,124.76962722562092,0.0129171151776104,0.000813400133779,-0.0006886476294187,0.0051950560475524,338.76,6086.3701171875,1425.7900390625,1436.4,-256,-2.200000000000045,0
2025-01-23,100.74694295524374,135.44288654233506,151.47408499139368,124.97953965296244,-0.0125752745306411,0.0112055343754809,0.011341973192783,0.0016824000520732,334.5,6118.7099609375,1434.3399658203125,1436.6,-256,0.2000000000000454,0
2025-01-24,101.42160110836704,135.62065350214905,150.99844108797683,125.24342097063044,0.0066965620328849,0.0013124864978303,-0.0031401008525245,0.0021113961405261,336.74,6101.240234375,1433.9300537109375,1430.0,-262,-6.599999999999909,0
2025-01-27,101.42160110836704,133.05603869107694,148.14302911005942,123.82239346139994,0.0,-0.0189102083262817,-0.0189102083262817,-0.011346124995769,336.74,6012.27978515625,1427.6300048828125,1430.0,-262,0.0,0
2025-01-28,101.42160110836704,133.36921531532707,148.4917162814143,123.9959215079456,0.0,0.0023537197359171,0.0023537197359171,0.001401427009241,336.74,6067.7001953125,1417.9200439453125,1430.0,-262,0.0,0
2025-01-29,101.42160110836704,135.11751368373382,150.43825112967687,124.96463621126988,0.0,0.0131087100143254,0.0131087100143254,0.0078124723099235,336.74,6039.31005859375,1443.260009765625,1430.0,-262,0.0,0
2025-01-30,101.42160110836704,135.83595540047202,151.23815569021872,125.36271760690722,0.0,0.0053171620550969,0.0053171620550969,0.0031855523907127,336.74,6071.169921875,1443.3199462890625,1430.0,-262,0.0,0
2025-01-31,100.40359014517205,132.76314375338148,150.3018271376447,123.7755750884742,-0.0100374175922076,-0.0226214895609285,-0.0061910868213171,-0.0126604029390119,333.36,6040.52978515625,1441.6600341796875,1453.6,-258,23.59999999999991,0
2025-02-03,97.75013553400404,132.07400244637225,150.72259863460584,122.37833097509014,-0.0264278857691384,-0.0051907576720943,0.002799510192087,-0.0112885285516575,324.55,5994.56982421875,1456.780029296875,1465.1,-258,11.5,0
2025-02-04,99.0060839708452,133.65061277779589,152.04811112052107,123.76609152333148,0.012848559543984,0.0119373253041515,0.0087943845045337,0.011339920533185,328.72,6037.8798828125,1459.050048828125,1460.6,-258,-4.5,0
2025-02-05,100.13553400397574,134.82218046719905,151.7123648321276,124.56776666162963,0.0114078851302019,0.0087658983752732,-0.0022081582330696,0.0064773406708658,332.47,6061.47998046875,1450.1600341796875,1444.7,-258,-15.900000000000093,0
2025-02-06,101.3583519065117,134.4978496833057,151.6069046758806,125.0539862270773,0.0122116281168223,-0.0024056188882975,-0.0006951322416185,0.0039032534537477,336.53,6083.56982421875,1443.8900146484375,1447.2,-258,2.5,0
2025-02-07,100.5632190831878,133.09198640376016,149.9910122514217,123.8694763555209,-0.0078447686684693,-0.0104526822016548,-0.0106584355634297,-0.0094719881172402,333.89,6025.990234375,1442.1500244140625,1446.9,-258,-0.2999999999999545,0
2025-02-10,100.74694295524372,134.3564752085705,151.88466677004251,124.78221783871804,0.0018269489951781,0.0095008635679557,0.012625119933497,0.007368574648507,334.5,6066.43994140625,1450.6199951171875,1451.4,-258,4.5,0
2025-02-11,101.40051804108192,134.51270034540883,152.20751418410924,125.22784274713332,0.0064872944693572,0.0011627659671468,0.0021256089961703,0.0035712212535863,336.67,6068.5,1453.2099609375,1452.8,-258,1.400000000000091,0
2025-02-12,101.56918257936276,133.90074524822597,151.53596958042138,124.97370149245042,0.0016633498678231,-0.004549422438264,-0.0044120331856649,-0.0020294309085566,337.23,6051.97021484375,1450.75,1453.0,-258,0.2000000000000454,0
2025-02-13,102.7227275465334,135.7572499615151,153.2605207138129,126.48767842629454,0.0113572339352963,0.0138647825286375,0.0113804738120362,0.0121143641883374,341.06,6115.06982421875,1452.1199951171875,1449.4,-258,-3.599999999999909,0
2025-02-14,103.23474489488588,134.9956659333037,151.83743565282262,126.17473294567488,0.0049844602122792,-0.0056098958135001,-0.0092853988382802,-0.0024741183055392,342.76,6114.6298828125,1438.739990234375,1444.0,-263,-5.400000000000091,0
2025-02-17,103.94253358231438,134.74783812940353,151.18944916088,126.28972955332831,0.0068561092309489,-0.0018358204479143,-0.0042676332694674,0.000911407577165,345.11,6114.6298828125,1432.5999755859375,1440.5,-263,-3.5,0
2025-02-18,104.7647732064334,135.67155636272392,152.4784537426766,127.27206136853324,0.007910521283069,0.0068551618055147,0.0085257575111936,0.0077783982805197,347.84,6129.580078125,1441.2900390625,1441.8,-263,2.400000000000091,1
2025-02-19,106.77971206553826,136.32070394631552,152.71256770492408,128.49751709540732,0.0192329806807727,0.0047846991734661,0.0015353904535428,0.0096286310891564,354.53,6144.14990234375,1440.0799560546875,1437.1,-263,-4.7000000000000455,0
2025-02-20,106.06288777784476,135.80485785993915,152.0401272618298,127.83479426787802,-0.0067131131357007,-0.0037840626657819,-0.0044033078167711,-0.0051574757435759,352.15,6117.52001953125,1439.97998046875,1436.2,-263,-0.900000000000091,0
2025-02-21,105.99361484247945,133.04818443028876,148.58636753133524,126.16695655492492,-0.0006531307681384,-0.0202987836598118,-0.0227161065482852,-0.0130468212704137,351.92,6013.1298828125,1431.699951171875,1432.7,-264,-3.5,0
2025-02-24,105.38521775796644,133.31327207688915,148.11549785918106,125.83274662254956,-0.0057399408956582,0.0019924183688451,-0.0031689964562522,-0.0026489497844854,349.9,5983.25,1434.2900390625,1425.3,-264,-7.400000000000091,0
2025-02-25,104.67441720378298,131.78715311180244,146.84265277955373,124.735918691064,-0.0067447842240638,-0.0114476146396474,-0.0085935982258754,-0.0087165540046233,347.54,5955.25,1428.6500244140625,1429.4,-264,4.099999999999909,0
2025-02-26,105.2075176194206,131.670057792167,146.95000289168135,124.98377804233117,0.00509293894228,-0.0008885184699005,0.0007310553854456,0.0019870728004258,349.31,5956.06005859375,1429.5,1431.7,-264,2.2999999999999545,0
2025-02-27,104.34612372748636,129.18268658744483,145.11645442464592,123.39895656368884,-0.0081875697804243,-0.0188909403278939,-0.0124773625788013,-0.0126802174127395,346.45,5861.56982421875,1434.4200439453125,1440.8,-264,9.099999999999907,0
2025-02-28,100.67767001987838,130.62029051630557,149.00393387586982,123.0515450861066,-0.035156588252273,0.0111284566596128,0.0267886882065639,-0.0028153518251422,334.27,5954.5,1449.8599853515625,1462.6,-255,21.799999999999955,0
2025-03-03,100.67767001987838,129.2015579222372,147.38552729601523,122.24963029748956,0.0,-0.0108615023627687,-0.0108615023627687,-0.0065169014176612,334.27,5849.72021484375,1459.800048828125,1462.6,-255,0.0,0
2025-03-04,100.602373351003,127.57461450073012,145.39580088335208,121.26006581126036,-0.0007478984054806,-0.012592289502316,-0.0135001478718252,-0.0080946215037307,334.02,5778.14990234375,1457.9300537109375,1461.3,-255,-1.2999999999999543,0
2025-03-05,101.52400457803752,129.3427761963571,146.50603569939355,122.48541554963546,0.0091611280761632,0.0138598239355593,0.0076359482825243,0.0101051383254431,337.08,5842.6298828125,1452.8499755859375,1452.5,-255,-8.799999999999955,0
2025-03-06,102.4968375399073,127.0996828192606,142.92284110488183,121.43936124532716,0.0095822950041533,-0.0173422393044295,-0.0244576585354057,-0.0085402355832675,340.31,5738.52001953125,1443.030029296875,1442.3,-255,-10.200000000000044,0
2025-03-07,101.92759472320952,127.82896054353574,144.05743907744704,121.64826301773684,-0.0055537598072344,0.0057378406310595,0.0079385349730951,0.0017202146838344,338.42,5770.2001953125,1446.5,1445.4,-252,3.099999999999909,0
2025-03-10,102.03903379314508,123.67189278089224,140.1485085849739,119.52438215686423,0.0010933159978725,-0.0325205473389395,-0.0271345271546278,-0.0174591959489213,338.79,5614.56005859375,1446.260009765625,1453.2,-252,7.799999999999954,0
2025-03-11,100.88548882597442,123.33218727256502,140.1236442067692,118.87040724374285,-0.0113049381622835,-0.0027468287311578,-0.0001774145044836,-0.005471477043597,334.96,5572.06982421875,1457.030029296875,1456.8,-252,3.599999999999909,0
2025-03-12,102.67152581169816,124.06803995187386,140.2275986451464,119.95946207473028,0.0177036064007642,0.0059664285178255,0.0007418764974724,0.0091616984936739,340.89,5599.2998046875,1451.02001953125,1449.5,-252,-7.299999999999954,0
2025-03-13,102.83115474971396,121.75600776105232,138.0633703501655,118.8273246715099,0.0015547537328757,-0.0186351955887943,-0.0154336829261233,-0.0094376665553492,341.42,5521.52001953125,1448.75,1454.0,-252,4.5,0
2025-03-14,102.64441901090304,124.81803671205606,141.43542143364618,120.46662273223323,-0.0018159451701716,0.0251488941474904,0.024423937174127,0.0137956321515702,340.8,5638.93994140625,1453.22998046875,1453.0,-249,-1.0,0
2025-03-17,104.87018854285895,125.63595891885684,141.9334681205924,121.87559980428884,0.0216842723004695,0.0065529167766647,0.0035213716754813,0.0116959954558317,348.19,5675.1201171875,1449.050048828125,1448.6,-249,-4.400000000000091,0
2025-03-18,104.76477320643345,123.45098838908352,139.7856703634529,120.6446614778899,-0.0010051983112668,-0.0173912831053766,-0.0151324263796234,-0.0100999570740625,347.84,5614.66015625,1442.489990234375,1448.8,-249,3.2999999999999545,1
2025-03-19,105.67134509969289,125.24743509231848,141.92693255807285,122.1375408070804,0.0086534038638454,0.0145519021489971,0.0153181809627016,0.0123741847413954,350.85,5675.2900390625,1448.93994140625,1449.9,-249,1.099999999999909,0
2025-03-20,106.4694897897718,123.92750399332591,141.07439731061407,121.9122146541471,0.0075530853641156,-0.0105385878602595,-0.006006860235001,-0.0018448558194668,353.5,5662.89013671875,1443.3900146484375,1456.5,-249,6.599999999999909,0
2025-03-21,106.97548340461428,125.61310050877016,143.38480466043808,123.22816636762744,0.0047524752475247,0.0136014723215518,0.0163772264412869,0.0107942564837621,355.18,5667.56005859375,1465.8199462890625,1460.5,-252,4.0,0
2025-03-24,106.39118125414142,127.38791587090724,145.81145445973524,124.10692737966488,-0.005462019257841,0.0141292218323451,0.0169240374183576,0.0071311700720744,353.24,5767.56982421875,1464.780029296875,1464.6,-252,4.099999999999909,0
2025-03-25,105.74362990181324,127.4442490064789,146.18956482030495,123.92262016431188,-0.0060865134186389,0.0004422172635962,0.0025931457989407,-0.0014850679107475,351.09,5776.64990234375,1466.27001953125,1467.8,-252,3.200000000000045,0
2025-03-26,106.92126980302402,125.92853603892527,144.14642878272227,123.49238738151702,0.0111367455638156,-0.011893145272303,-0.0139759362447935,-0.0034717857177679,355.0,5712.2001953125,1462.0899658203125,1464.7,-252,-3.099999999999909,0
2025-03-27,105.493644961147,125.92303223374856,144.02251307295433,122.80100978633686,-0.0133521126760564,-4.370578226218914e-05,-0.0008596516113119,-0.0055985442490816,350.26,5693.31005859375,1465.6800537109375,1463.5,-252,-1.2000000000000457,0
2025-03-28,103.29498222998625,122.99003083039987,140.81483788620375,120.0977093473731,-0.0208416604807857,-0.0232920169671914,-0.0222720401019924,-0.0220136662041076,342.96,5580.93994140625,1461.8900146484375,1465.0,-246,1.5,0
2025-03-31,100.11445093669064,123.94367277705098,142.57009187861905,119.34701856878294,-0.0307907627711686,0.0077538150060806,0.0124649789664479,-0.0062506669167089,332.4,5611.85009765625,1471.9599609375,1471.9,-246,6.900000000000091,0
2025-04-01,101.86735738810926,124.4036880762427,142.91570903627036,120.3854272821439,0.0175090252707583,0.0037114867494623,0.0024241911686888,0.0087007511860255,338.22,5633.06982421875,1469.969970703125,1470.0,-246,-1.900000000000091,0
2025-04-02,101.27703150412636,125.33414365843036,143.49262110063654,120.53106898868676,-0.005795044645497,0.0074793247417021,0.004036729539786,0.001209795154039,336.26,5670.97021484375,1466.0400390625,1464.9,-246,-5.099999999999909,0
2025-04-03,100.27106800795144,118.06930392086974,135.11756283892544,115.79216234292436,-0.0099327901028964,-0.0579637720855959,-0.0583657765637813,-0.0393168888778975,332.92,5396.52001953125,1450.6800537109375,1464.3,-246,-0.599999999999909,0
2025-04-04,98.99102463707015,113.55914640269776,127.04434178404964,111.80998953098356,-0.0127658296287396,-0.03819923865389,-0.059749605345531,-0.0343906939067896,328.67,5074.080078125,1450.6800537109375,1434.0,-231,-30.299999999999955,0
2025-04-07,93.247394735257,112.24202581793992,128.43178189389613,109.19229644478963,-0.0580217239176072,-0.011598542490687,0.0109209122607354,-0.0234119786360281,309.6,5062.25,1469.949951171875,1466.7,-231,32.700000000000045,0
2025-04-08,93.37690500572262,111.28917771370136,127.80681620136556,108.80435045754383,0.0013888888888886,-0.0084892276069936,-0.0048661295772326,-0.0035528695693467,310.03,4982.77001953125,1486.1300048828125,1471.9,-231,5.2000000000000455,0
2025-04-09,91.7203782904645,117.5827635191191,135.99548767819704,112.07694917322286,-0.017740218688514,0.0565516426189111,0.0640706945076377,0.0300778296264541,304.53,5456.89990234375,1443.949951171875,1482.6,-231,10.700000000000044,0
2025-04-10,97.90976447201984,116.06550870097882,132.02459228754182,113.3767199502534,0.0674810363510984,-0.0129037179662268,-0.02919872900527,0.0115971284605691,325.08,5268.0498046875,1452.0400390625,1458.1,-231,-24.5,0
2025-04-11,97.07848924763576,118.87703869357708,134.41319378017485,114.46227087748916,-0.0084902177925433,0.0242236476974537,0.0180920952017089,0.0095747251085764,322.32,5363.35986328125,1452.0400390625,1449.0,-236,-9.099999999999907,0
2025-04-14,97.98506114089518,119.21307061560373,132.43749362603674,114.48216689914516,0.0093385455448,0.0028267184791909,-0.0146987070136079,0.000173821657595,325.33,5405.97021484375,1419.4200439453125,1423.5,-236,-25.5,0
2025-04-15,98.83139569905433,119.43187202929047,132.91655319762896,115.06691032850873,0.0086373835797497,0.0018353810748846,0.0036172503607243,0.0051077250300362,328.14,5396.6298828125,1427.02001953125,1426.1,-236,2.599999999999909,0
2025-04-16,97.44292512499251,115.71731585084544,128.7735054959424,112.28065797937828,-0.0140488815749375,-0.0311018835703591,-0.0311702914499023,-0.0242141927785831,323.53,5275.7001953125,1414.22998046875,1426.0,-236,-0.099999999999909,0
2025-04-17,98.2772122161316,116.45909983414396,128.94436708873582,112.93205195295084,0.0085618026149043,0.006410311005266,0.0013268380955802,0.0058014798389602,326.3,5282.7001953125,1414.22998046875,1418.8,-236,-7.2000000000000455,0
2025-04-18,98.89464490090964,116.1568068328739,128.94436708873582,113.13593033381316,0.0062825620594544,-0.0025957009946031,0.0,0.0018053190156082,328.35,5282.7001953125,1414.22998046875,1422.5,-240,3.7000000000000455,0
2025-04-21,99.18378410939104,114.71171344197556,126.56516902184126,112.21973435997312,0.0029237094563727,-0.0124408842692925,-0.018451353251106,-0.0080981874735704,329.31,5158.2001953125,1421.6400146484375,1414.0,-240,-8.5,0
2025-04-22,98.97295343654,117.89960694082436,130.4359071423425,114.07361072503431,-0.0021256566760802,0.0277904793084739,0.0305829648900739,0.0165200566160175,328.61,5287.759765625,1429.219970703125,1418.8,-240,3.900000000000091,1
2025-04-23,100.57827841696287,119.69734513090094,132.35210363947652,115.837887665462,0.0162198350628404,0.0152480422685283,0.0146907131564846,0.0154661269088809,333.94,5375.85986328125,1426.449951171875,1418.0,-240,-0.7999999999999545,0
2025-04-24,100.51201734835256,121.20755054082852,135.37518711950872,117.04458241734376,-0.0006588009822122,0.0126168663830932,0.0228412197230123,0.010417099070096,333.72,5484.77001953125,1430.06005859375,1432.9,-240,14.900000000000093,0
2025-04-25,101.4607553761822,121.96159861163854,136.3733264426669,117.96178854403637,0.0094390507011865,0.0062211311708342,0.0073731334699984,0.0078363825796066,336.87,5525.2099609375,1430.06005859375,1434.6,-247,1.7000000000000457,0
2025-04-28,101.5240045780375,121.9320200269686,137.0160588106305,118.14940770775246,0.000623385875857,-0.0002425237534326,0.0047130357873454,0.0015905079605167,337.08,5528.75,1435.8800048828125,1441.7,-247,7.099999999999909,0
2025-04-29,102.12035419553044,122.73010904990028,137.35807485338592,118.74706925462256,0.005873976504094,0.0065453604619621,0.0024961748697509,0.005058523427798,339.06,5560.830078125,1431.1600341796875,1435.9,-247,-5.7999999999999545,0
2025-04-30,102.02397445936997,123.76504417246164,136.8491201352472,118.87047313780788,-0.0009437857606323,0.0084326098181869,-0.0037053134202846,0.0010392162430612,338.74,5569.06005859375,1423.75,1418.4,-247,-17.5,0
2025-05-01,102.02397445936997,125.53750885424384,138.80896456300582,119.89334852132802,0.0,0.0143212059078035,0.0143212059078035,0.0086049576191582,338.74,5604.14013671875,1435.0999755859375,1418.4,-247,0.0,0
2025-05-02,102.03903379314504,128.62907223777128,140.85314506950075,121.32786370740656,0.0001476058333824,0.0246266108969624,0.0147265741296347,0.0119649271937996,338.79,5686.669921875,1435.0999755859375,1403.8,-254,-14.600000000000136,0
2025-05-05,102.03903379314504,122.39967697237796,134.03174847736972,117.80238129542693,0.0,-0.0484291393618876,-0.0484291393618876,-0.0290574836171325,338.79,5650.3798828125,1374.3699951171875,1403.8,-254,0.0,0
2025-05-06,102.03903379314504,121.49337852247108,133.03932130037023,117.2894680656466,0.0,-0.0074044186416553,-0.0074044186416553,-0.004354014105148,338.79,5606.91015625,1374.77001953125,1403.8,-254,0.0,0
2025-05-07,102.79802421540874,124.8101602009588,135.8063382261579,119.30404343232858,0.0074382360754448,0.0273001024321193,0.0207984894897381,0.0171760977341497,341.31,5631.27978515625,1397.2900390625,1395.0,-254,-8.799999999999955,0
2025-05-08,102.846214083489,125.9079547009782,137.23525994360233,120.0068604336835,0.0004687820456477,0.0087957142131042,0.0105217601483729,0.0058909738608614,341.47,5663.93994140625,1403.8499755859375,1397.4,-254,2.400000000000091,0
2025-05-09,102.852237816999,125.64782637267032,137.1376196756694,119.91088493769148,5.8570299001248216e-05,-0.0020660198072923,-0.0007114809122162,-0.0007997500779969,341.49,5659.91015625,1403.8499755859375,1399.3,-256,1.900000000000091,0
2025-05-12,104.53587133305226,130.51568114506128,142.8312236146635,123.58323087231682,0.0163694398079006,0.0387420531888306,0.0415174476008803,0.0306256261600734,347.08,5844.18994140625,1416.030029296875,1403.2,-256,3.900000000000091,0
2025-05-13,104.5629781338474,130.20707361550438,143.86344209934677,123.7782833394938,0.0002593062118243,-0.0023645245295383,0.0072268405924187,0.0015783085277849,347.17,5886.5498046875,1416.0,1417.2,-256,14.0,0
2025-05-14,105.9544605746642,129.20261587810782,143.1290524311329,123.94697045233818,0.01330760146326,-0.0077143100563236,-0.005104769199855,0.0013628167097914,351.79,5892.580078125,1407.3299560546875,1421.0,-256,3.7999999999999545,0
2025-05-15,105.16233961809532,131.19137875810608,142.667629373716,124.02592012765815,-0.0074760510531851,0.0153925898982921,-0.00322382527921,0.0006369633322369,349.16,5916.93017578125,1397.02001953125,1394.1,-256,-26.90000000000009,0
2025-05-16,105.55087042949222,132.40548278345054,143.66705496514655,124.81687371228784,0.003694581280788,0.0092544497728242,0.0070052722948985,0.0063773248673788,350.45,5958.3798828125,1397.02001953125,1390.8,-268,-3.2999999999999545,0
2025-05-19,104.3822661285465,130.70404114548117,142.92112370365948,123.58851499307042,-0.0110714795263232,-0.0128502355204738,-0.0051920829146809,-0.0098412873410759,346.57,5963.60009765625,1388.550048828125,1401.5,-268,10.700000000000044,0
2025-05-20,104.51780013252215,131.0342029093849,142.7951208878626,123.71315472876996,0.0012984389877945,0.0025260256761017,-0.0008816248608438,0.0010085058122637,347.02,5940.4599609375,1392.72998046875,1390.0,-268,-4.7000000000000455,1
2025-05-21,105.22860068670563,127.78919211176488,138.58759942989337,122.03502388814702,0.0068007607630684,-0.0247646089766658,-0.0294654427392753,-0.0135646920030622,349.38,5844.60986328125,1373.8599853515625,1383.5,-268,-6.5,0
2025-05-22,103.8491657129089,129.00584527746827,139.28015031037629,121.90711733494098,-0.013108935829183,0.0095207829832688,0.0049972067005406,-0.0010481134770234,344.8,5842.009765625,1381.3399658203125,1377.4,-268,-6.099999999999909,0
2025-05-23,103.9937353171496,128.66164103506452,138.3458175809387,121.63463495963568,0.0013921113689094,-0.0026681290422415,-0.0067082978253216,-0.0022351637973412,345.28,5802.81982421875,1381.3399658203125,1371.9,-264,-5.5,0
2025-05-26,106.0508403108247,128.30342201002384,137.01978827674023,122.14570646066667,0.0197810472659871,-0.0027841944355664,-0.0095848889932844,0.0042016938777396,352.11,5802.81982421875,1368.0999755859375,1362.5,-264,-9.400000000000093,0
2025-05-27,105.80085537015846,130.98316339861242,140.507847258452,123.70878327536904,-0.0023572179148563,0.0208859697318067,0.0254566075862479,0.0127968215993388,351.28,5921.5400390625,1374.800048828125,1368.8,-264,6.2999999999999545,0
2025-05-28,107.33088368170596,129.59984094455444,139.60307933076191,123.79363794504292,0.0144613983147348,-0.0105610707373756,-0.0064392697300801,0.0006859227568747,356.36,5888.5498046875,1373.5999755859375,1374.6,-264,5.7999999999999545,0
2025-05-29,109.3548581410759,129.82681965362576,139.83755066039305,124.86678115000711,0.0188573352789314,0.0017513810774538,0.001679557003722,0.0086688074022076,363.08,5912.169921875,1370.4100341796875,1374.5,-264,-0.099999999999909,0
2025-05-30,108.3127522438408,129.57426154050825,139.82619792628665,124.30460432035584,-0.0095295802577943,-0.0019453462219233,-8.118516130162234e-05,-0.0045022128741825,359.62,5911.68994140625,1370.4100341796875,1377.1,-272,2.599999999999909,0
2025-06-02,108.33383531112588,131.23854367149482,140.97963406398463,125.1008811247289,0.0001946499082363,0.0128442339643686,0.0082490703087416,0.0064058512452274,359.69,5935.93994140625,1376.0699462890625,1370.8,-272,-6.2999999999999545,0
2025-06-03,108.33383531112588,132.1580442422088,141.9673839304062,125.62894375447269,0.0,0.0070063301907372,0.0070063301907372,0.0042210944079386,359.69,5970.3701171875,1377.719970703125,1370.8,-272,0.0,0
2025-06-04,111.40895126799592,130.8465086665114,140.26407724839947,126.20887284313676,0.028385554227251,-0.009923993527732,-0.0119978732780038,0.0046162060376586,369.9,5970.81005859375,1361.0899658203125,1367.9,-272,-2.900000000000091,0
2025-06-05,113.40883079332576,130.3717352224421,138.85345016730415,126.61408262950516,0.0179507975128414,-0.0036284762116147,-0.01005693766193,0.0032106283594817,376.54,5939.2998046875,1354.550048828125,1359.0,-272,-8.900000000000091,0
2025-06-06,113.40883079332576,131.71204570573656,140.2809584733285,127.38053679622038,0.0,0.0102806830100679,0.0102806830100679,0.006053466966688,376.54,6000.35986328125,1354.550048828125,1359.0,-282,0.0,0
2025-06-09,115.35148485031029,132.21218201537158,140.33744144812084,128.41382385172025,0.0171296542200032,0.003797194910725,0.0004026417798042,0.00811181269516,382.99,6005.8798828125,1353.8499755859375,1354.4,-282,-4.599999999999909,0
2025-06-10,115.89362086621294,132.90140521049582,142.1523040064252,129.351751020913,0.0046998616151858,0.005213008246427,0.0129321337169685,0.0073039423720904,384.79,6038.81005859375,1363.8800048828125,1364.9,-282,10.5,0
2025-06-11,117.39955424372032,132.0128071170298,141.9503794231612,129.7155161344166,0.012994100678292,-0.0066861452071075,-0.0014204805520061,0.0028122163838724,389.79,6022.240234375,1365.68994140625,1372.1,-282,7.2000000000000455,0
2025-06-12,117.64953918438654,132.34506488933548,140.83401384287072,129.62011752102865,0.0021293517021985,0.0025168601407826,-0.0078644776070836,-0.0007354448891764,390.62,6045.259765625,1349.7900390625,1358.0,-282,-14.099999999999907,0
2025-06-13,116.64959942172165,129.85864126582533,139.243099322582,128.0160855521725,-0.0084993087911524,-0.0187874298568613,-0.0112963798792506,-0.012374868959642,387.3,5976.97021484375,1349.7900390625,1368.2,-285,10.200000000000044,0
2025-06-16,118.7157400156618,132.4228361061061,141.38294424975945,130.27160973142858,0.0177123676736381,0.0197460470499745,0.0153676910208677,0.017619068490708,394.16,6033.10986328125,1357.780029296875,1362.3,-285,-5.900000000000091,0
2025-06-17,119.0229504246733,133.56234703448447,142.54811382897003,131.06483761167743,0.0025877816115282,0.0086050938182998,0.0082412315388782,0.0060890310781005,395.18,5982.72021484375,1380.5,1359.2,-285,-0.5,1
2025-06-18,120.13131739051872,131.7299979744276,141.4975749119704,130.7197291365092,0.0093122121564857,-0.0137190540653181,-0.0073697146092026,-0.0026331125987485,398.86,5980.8701171875,1370.75,1368.0,-285,8.799999999999955,0
2025-06-19,120.26082766098436,131.0774520549124,141.92493368115072,130.70146540106182,0.0010780725066439,-0.0049536622602989,0.0030202550781961,-0.0001397167479462,399.29,5980.8701171875,1374.8900146484375,1378.9,-285,10.900000000000093,0
2025-06-20,122.07698331425824,132.3144831813834,141.61572771993949,131.77927625585338,0.0151018057051264,0.0094374059540976,-0.0021786584865058,0.0082463563165435,405.32,5967.83984375,1374.8900146484375,1363.1,-288,-15.800000000000182,0
2025-06-23,121.77579663875676,130.5923038500428,141.6294689881643,131.13849872963925,-0.0024671864206059,-0.0130158036363995,9.703207719957696e-05,-0.0048625060360024,404.32,6025.169921875,1361.93994140625,1381.1,-288,18.0,0
2025-06-24,125.82374555749658,133.38380028972995,142.34663763944585,133.92063356103546,0.0332409972299168,0.02137565811606,0.0050636965343806,0.0212152408205614,417.76,6092.18017578125,1353.780029296875,1359.0,-288,-22.09999999999991,0
2025-06-25,126.35082223962416,133.59754458864808,142.6878982506387,134.30735142581963,0.0041890080428954,0.0016024757013508,0.0023973914442381,0.0028876645405648,419.51,6092.16015625,1357.030029296875,1360.1,-288,1.099999999999909,0
2025-06-26,125.19125353894349,134.74649213457192,143.3796910532118,134.34307295393063,-0.0091773736025362,0.0086000648399751,0.0048482934506326,0.0002659685246695,415.66,6141.02001953125,1352.760009765625,1354.9,-288,-5.2000000000000455,0
2025-06-27,124.30576471296916,135.5075640899243,144.12798548635067,134.39702076762416,-0.0070730885820141,0.0056481763888316,0.0052189708852221,0.0004015675129898,412.72,6173.06982421875,1352.760009765625,1354.3,-298,-0.599999999999909,0
2025-06-30,124.87199566291191,136.49955886332444,144.41610301416978,135.0176589741767,0.004555146346191,0.0073205859766014,0.0019990394429427,0.0046179461643398,414.6,6204.9501953125,1348.5,1347.1,-298,-7.2000000000000455,0
2025-07-01,125.37196554424436,136.3726829773572,145.01301180122297,135.36311365092743,0.0040038591413409,-0.0009294966740097,0.0041332564346694,0.0025585888496022,416.26,6198.009765625,1355.5899658203125,1354.0,-298,6.900000000000091,0
2025-07-02,124.82079392807664,136.54428167994348,145.61083162477703,135.34304207208234,-0.004396290779801,0.0012583070072382,0.0041225253936076,-0.0001482795298048,414.43,6227.419921875,1354.75,1357.9,-298,3.900000000000091,0
2025-07-03,126.78151918559124,137.82159164508025,147.0797594437517,136.98197956843146,0.0157083222739666,0.0093545474729637,0.0100880394856883,0.0121095068594381,420.94,6279.35009765625,1357.0999755859375,1358.9,-298,1.0,0
2025-07-04,124.31178844647916,137.60125253709023,147.0797594437517,135.84832926963855,-0.0194802109564308,-0.0015987270598167,0.0,-0.0082759082790635,412.74,6279.35009765625,1357.0999755859375,1361.1,-300,2.200000000000045,0
2025-07-07,124.39612071561956,137.6254683137866,147.80938285814457,136.0945370744705,0.0006783931773028,0.0001759851472998,0.0049607329870016,0.0018123727112113,413.02,6229.97998046875,1374.6400146484375,1367.6,-300,6.5,0
2025-07-08,126.86585145473168,137.11300681498776,147.23724347318887,136.86379429960357,0.0198537601084693,-0.0037235949499582,-0.0038707920559062,0.0056523740163951,421.22,6225.52001953125,1370.300048828125,1367.4,-300,-0.2000000000000454,0
2025-07-09,127.10680079513286,137.50696395631869,148.42167632956364,137.41399578413046,0.0018992450500925,0.0028732295387737,0.00804438352984,0.0040200659885438,422.02,6263.259765625,1373.0,1374.4,-300,7.0,0
2025-07-10,129.0343955183423,138.28398298046935,148.7902512974584,138.58885351070273,0.0151651580493816,0.0056507612545171,0.0024832960859191,0.008549767582757,428.42,6280.4599609375,1372.6400146484375,1370.1,-300,-4.2999999999999545,0
2025-07-11,128.92898018191678,137.26076239328313,148.29961202717936,138.1037667368351,-0.0008169553242146,-0.0073994150669694,-0.0032975229626984,-0.0035001860653257,428.07,6259.75,1372.6400146484375,1375.7,-302,5.599999999999909,0
2025-07-14,130.26022528763332,137.87196984738517,149.5220871568326,139.20017492440735,0.0103254140677926,0.0044528927527793,0.0082432793514604,0.0079390172583888,432.49,6268.56005859375,1382.010009765625,1380.9,-302,5.2000000000000455,0
2025-07-15,130.94994277453168,137.80771277382755,149.40899777186232,139.44470466099713,0.0052949201137597,-0.0004660633602952,-0.0007563389939285,0.0017566769346559,434.78,6243.759765625,1386.449951171875,1380.5,-302,-0.4000000000000909,0
2025-07-16,129.85964700921636,137.63503089849692,149.7207639055961,139.0125282795622,-0.0083260499562995,-0.0012530639385476,0.0020866623723012,-0.0030992670713857,431.16,6263.7001953125,1384.9200439453125,1385.1,-302,4.599999999999909,0
2025-07-17,130.00421661345706,138.33971112294788,151.24918647047065,139.71417596297067,0.0011132758140828,0.0051199191067181,0.0102084876205832,0.0050473701334128,431.64,6297.35986328125,1391.5799560546875,1392.1,-302,7.0,0
2025-07-18,129.84157580868626,138.27716719521823,151.23550050502033,139.6217882075997,-0.0012510425354461,-0.0004521039347412,-9.048620868445932e-05,-0.0006612625722063,431.1,6296.7900390625,1391.5799560546875,1392.6,-301,0.5,0
2025-07-21,130.88368170592136,137.5590757537915,150.38490731746575,139.61692434165596,0.0080259800510322,-0.0051931309846182,-0.0056242957818379,-3.483600952391974e-05,434.56,6305.60009765625,1381.8199462890625,1392.0,-301,-0.599999999999909,0
2025-07-22,128.92295644840675,137.3640787760008,150.2586346212154,138.67951749221376,-0.0149806701030927,-0.0014175507993357,-0.0008396633578647,-0.0067141347932022,428.05,6309.6201171875,1379.780029296875,1386.0,-301,0.7999999999999545,1
2025-07-23,129.5223179326547,138.68368583961427,150.76733971882547,139.47794451993957,0.0046489896040182,0.0096066386159466,0.0033855298824752,0.0057573536609012,430.04,6358.91015625,1373.719970703125,1377.4,-301,-8.599999999999909,0
2025-07-24,129.51930606589966,139.70973201896757,150.68370848293415,139.76429339130806,-2.325365082334052e-05,0.0073984634395996,-0.0005547039302231,0.0020530046693336,430.03,6363.35009765625,1372.0,1366.3,-301,-11.099999999999907,0
2025-07-25,129.74519607252577,139.24150338536063,151.2825749314452,139.88548431296593,0.0017440643676023,-0.0033514389215446,0.0039743277792958,0.0008671093218248,430.78,6388.64013671875,1372.0,1376.6,-306,10.299999999999956,0
2025-07-28,130.5252695620746,140.53384922765434,153.10585737955134,141.11717419602368,0.0060123496912578,0.0092813264068045,0.0120521642954078,0.0088049870871669,433.37,6389.77001953125,1388.2900390625,1380.4,-306,3.7999999999999545,0
2025-07-29,131.26920065056325,139.0890955879501,152.71541922171025,140.89426569101096,0.0056995177331147,-0.0102804672870222,-0.0025501190125808,-0.0015795987007442,435.84,6370.85986328125,1388.8599853515625,1391.1,-306,10.700000000000044,0
2025-07-30,132.46491175230412,140.41853460108356,152.9265565506715,141.86917621275506,0.0091088472834068,0.0095581828863989,0.0013825540998892,0.006919447835316,439.81,6362.89990234375,1392.52001953125,1379.9,-306,-11.200000000000044,0
2025-07-31,132.10047587494734,139.1281418781818,152.25101110017926,141.13570492400103,-0.0027511880130055,-0.0091896182122086,-0.0044174502174738,-0.0051700539069464,438.6,6339.39013671875,1391.510009765625,1386.5,-306,6.599999999999909,0
2025-08-01,126.71525811698092,135.51221922144188,149.81619265994297,137.04805410267403,-0.040766073871409,-0.0259898724149276,-0.0159921331401484,-0.0289625564525158,420.72,6238.009765625,1391.510009765625,1400.2,-295,13.700000000000044,0
2025-08-04,127.94108788627192,138.46705746905695,151.15877512644917,138.8433155905201,0.0096738923749761,0.0218049579926555,0.0089615310779764,0.01309950367118,424.79,6329.93994140625,1383.5899658203125,1382.3,-295,-17.90000000000009,0
2025-08-05,129.88675381001147,137.62547146264703,150.74953901191958,139.31739956849538,0.015207514301184,-0.0060778788961988,-0.0027073262150163,0.0034145250418353,431.25,6299.18994140625,1386.5799560546875,1387.1,-295,4.7999999999999545,0
2025-08-06,129.71507740497563,138.33091609282806,151.60745809691574,139.6926021082904,-0.0013217391304347,0.0051258289812471,0.0056910229418898,0.0026931491756028,430.68,6345.06005859375,1384.3900146484375,1387.9,-295,0.7999999999999545,0
2025-08-07,131.12161917956752,139.09524745892566,151.5500157347841,140.51723065278756,0.0108433175443485,0.0055253835345433,-0.0003788887621539,0.0059031654651111,435.35,6340.0,1384.969970703125,1379.5,-295,-8.400000000000091,0
2025-08-08,130.55538822962473,139.29534545019823,152.73206271864808,140.65737103459583,-0.0043183645342828,0.0014385681389413,0.0077997153489748,0.0009973181307176,433.47,6389.4501953125,1384.969970703125,1388.6,-305,9.099999999999907,0
2025-08-11,130.50117462803445,139.56099029807928,152.87981974199045,140.75530302886185,-0.0004152536507716,0.0019070619123884,0.0009674263590255,0.0006962450211154,433.29,6373.4501953125,1389.7900390625,1387.3,-305,-1.2999999999999543,0
2025-08-12,130.001204746702,140.28269620759178,153.8689239802459,141.03174171914975,-0.0038311523460038,0.0051712581572477,0.0064698155709808,0.001963966432094,431.63,6445.759765625,1383.0899658203125,1389.1,-305,1.7999999999999543,0
2025-08-13,131.5944822601048,141.193335919657,153.88490302767048,141.99864383946695,0.0122558672937469,0.0064914614324037,0.000103848438081,0.0068559184516254,436.92,6466.580078125,1378.780029296875,1380.2,-305,-8.900000000000091,0
2025-08-14,131.48906692367927,141.8551514133133,154.94637785246056,142.44696805177435,-0.0008010619793097,0.0046872997889426,0.0068978490021156,0.0031572429157438,436.57,6468.5400390625,1387.8699951171875,1383.3,-305,3.099999999999909,0
2025-08-15,131.48906692367927,141.44417787543105,154.49747726299566,142.1984470226815,0.0,-0.0028971350972291,-0.0028971350972291,-0.0017446565026397,436.57,6449.7998046875,1387.8699951171875,1383.3,-307,0.0,0
2025-08-18,129.26630925847837,141.11834126225156,154.3750576676901,141.1048547392289,-0.0169045055775706,-0.002303641041107,-0.000792372778341,-0.0076906063768626,429.19,6449.14990234375,1386.9100341796875,1385.4,-307,2.099999999999909,0
2025-08-19,128.35973736521893,140.21045056029533,153.96091371877907,140.32451874336948,-0.0070132109322211,-0.0064335414789848,-0.0026827128369566,-0.0055301853171638,426.18,6411.3701171875,1391.3399658203125,1388.2,-307,5.2000000000000455,1
2025-08-20,127.6007469429552,139.57441608013605,154.20139757380954,139.8707696562362,-0.0059129945093622,-0.0045362844040341,0.0015619799156929,-0.0032335695229649,423.66,6395.77978515625,1396.9100341796875,1396.6,-307,8.400000000000091,0
2025-08-21,127.82663694958131,139.20279193314275,153.8807946191425,139.76787886736605,0.0017702874946892,-0.002662552045211,-0.002079118345951,-0.0007356132315782,424.41,6370.169921875,1399.6099853515625,1397.4,-307,0.7999999999999545,0
2025-08-22,129.05849045238236,141.87663533257793,156.21769682423871,141.7524439016587,0.0096369077071698,0.0192082598509906,0.0151864448768934,0.0141990065984751,428.5,6466.91015625,1399.6099853515625,1391.9,-304,-5.5,0
2025-08-25,130.68188663333532,141.05740062785446,154.37759143373958,141.71920151392305,0.0125787631271878,-0.0057742749734872,-0.0117791097161639,-0.0002345101560201,433.89,6439.31982421875,1389.050048828125,1383.5,-304,-8.400000000000091,0
2025-08-26,129.33257032708872,140.94339016991697,155.56260900314197,141.41480192905405,-0.0103251976307358,-0.00080825576985,0.0076760983145083,-0.0021479064348178,429.41,6465.93994140625,1393.949951171875,1395.3,-304,11.799999999999956,0
2025-08-27,129.60363833504005,141.2500453934153,155.80032392497304,141.69052085554262,0.0020958990242425,0.0021757332722635,0.0015280980651737,0.0019497175877452,430.31,6481.39990234375,1392.75,1394.4,-304,-0.900000000000091,0
2025-08-28,130.05541834829225,141.6486734126427,155.3562444208555,141.88760332841898,0.0034858590318607,0.0028221443619157,-0.0028503118153425,0.0013909361874482,431.81,6501.85986328125,1384.4100341796875,1386.5,-304,-7.900000000000091,0
2025-08-29,129.54641286669477,140.55981929184742,154.3622465378937,141.06701783465297,-0.0039137583659479,-0.0076870054237873,-0.0063981842935716,-0.0057833487529326,430.12,6460.259765625,1384.4100341796875,1388.3,-306,1.7999999999999543,0
2025-09-01,127.50135534003974,141.05998513857534,155.3133344451929,140.58759016188404,-0.0157862921975263,0.0035583842469903,0.0061614023417684,-0.0033985809023827,423.33,6460.259765625,1392.93994140625,1391.9,-306,3.599999999999909,0
2025-09-02,128.95307511595684,140.43039270375914,154.41870013417832,140.78508573558207,0.0113859164245386,-0.0044632957688015,-0.005760189968301,0.0014047866776194,428.15,6415.5400390625,1394.5699462890625,1390.1,-306,-1.7999999999999543,0
2025-09-03,129.62170953557015,140.59580224394455,154.65646465122552,141.19131193062938,0.0051850986803692,0.0011778756507101,0.0015397391432552,0.0028854348663769,430.37,6448.259765625,1389.6300048828125,1390.6,-306,0.5,0
2025-09-04,130.20902355279802,141.90539933869402,156.22000864640805,142.27008910890655,0.0045309849664241,0.0093146244329346,0.0101097875133029,0.007640535125895,432.32,6502.080078125,1392.06005859375,1391.7,-306,1.099999999999909,0
2025-09-05,130.37166435756882,141.61886026489012,155.72554842075695,142.11909730106422,0.0012490747594375,-0.0020192260135219,-0.0031651529783888,-0.0010613039521382,432.86,6481.5,1392.06005859375,1390.1,-306,-1.599999999999909,0
2025-09-08,130.97102584181675,141.30124249079478,155.34276302781507,142.1800208094342,0.004597329390565,-0.0022427646536714,-0.0024580770260486,0.00042867925231,434.85,6495.14990234375,1385.719970703125,1389.8,-306,-0.2999999999999545,0
2025-09-09,132.90765616529123,142.06112788468084,155.93232952504724,143.41466158782978,0.0147867080602506,0.0053777686628309,0.0037952620755599,0.008683644659543,441.28,6512.60986328125,1387.25,1387.6,-306,-2.200000000000045,0
2025-09-10,135.5490633094392,142.6221198224316,156.3919064751891,144.86114696548034,0.0198740029006527,0.0039489475136797,0.0029472845787765,0.0100860355673237,450.05,6532.0400390625,1387.199951171875,1386.2,-306,-1.400000000000091,0
2025-09-11,136.73875067767003,143.4711952456431,157.98053731213895,146.0704715517728,0.0087768025774914,0.0059533221373276,0.0101580118354902,0.0083481638218745,454.0,6587.47021484375,1389.5,1392.1,-306,5.900000000000091,0
2025-09-12,139.37112222155292,143.76784041613328,157.90427042025428,147.2867254492929,0.0192511013215859,0.002067628766752,-0.0004827613146674,0.0083264871031034,462.74,6584.2900390625,1389.5,1388.5,-318,-3.599999999999909,0
2025-09-15,139.94638877176072,143.82254583432493,158.13481684931585,147.61122764658782,0.0041275878463067,0.0003805122065776,0.0014600392278687,0.0022032005688565,464.65,6615.27978515625,1385.010009765625,1390.0,-318,1.5,0
2025-09-16,142.41611951087285,143.94904339436377,157.0907578790326,148.40194873891585,0.0176476918110406,0.0008795391522589,-0.006602334584408,0.0053567814924022,472.85,6606.759765625,1377.6400146484375,1376.0,-318,-10.400000000000093,1
2025-09-17,140.65116559243418,143.6603198199958,157.05795925684524,147.55795575053398,-0.0123929364491911,-0.0020057345819032,-0.0002087877264721,-0.0056872096057627,466.99,6600.35009765625,1378.68994140625,1378.5,-318,2.5,0
2025-09-18,143.1660743328715,144.55071278663974,158.7327137045552,149.36335199205314,0.0178804685325166,0.0061979046667831,0.0106632892445213,0.0122351670727358,475.34,6631.9599609375,1386.75,1384.7,-318,6.2000000000000455,0
2025-09-19,142.5938196494187,144.3463894580177,159.50818949950545,149.27565203913403,-0.0039971388900575,-0.0014135061991952,0.0048854188708296,-0.0005871584411401,473.44,6664.35986328125,1386.75,1393.5,-323,8.799999999999955,0
2025-09-22,144.05457502560083,145.65459720205772,160.51662968307156,150.57632303830948,0.0102441703278135,0.0090629751734836,0.006322184376428,0.0087132159960987,478.29,6693.75,1389.3900146484375,1389.7,-323,-3.7999999999999545,0
2025-09-23,145.03343172098064,144.90142700084084,159.9160779167647,150.5839382523077,0.0067950406657049,-0.0051709332605001,-0.0037413679037031,5.057378108697108e-05,481.54,6656.919921875,1391.8499755859375,1391.7,-323,2.0,0
2025-09-24,144.6870670441539,145.26624063001424,160.81276077811734,150.80382976073048,-0.0023881712837978,0.0025176676084169,0.0056072089375489,0.0014602587166656,480.39,6637.97021484375,1403.6500244140625,1396.0,-323,4.2999999999999545,0
2025-09-25,144.7593518462743,144.6648193326337,160.6079887449961,150.59002008404147,0.0004995940798102,-0.0041401312154304,-0.0012733568662736,-0.0014178000454514,480.63,6604.72021484375,1408.9200439453125,1400.0,-323,4.0,0
2025-09-26,140.96439973495572,144.23803746715149,161.5558708748606,149.13462357073345,-0.0262155920354535,-0.0029501427330503,0.0059018367471712,-0.0096646279248504,468.03,6643.7001953125,1408.9200439453125,1412.3,-318,12.299999999999956,0
2025-09-29,143.12993193181137,145.14085055125616,160.87909890052472,150.14365874484682,0.0153622631027927,0.0062591886298389,-0.0041890893266274,0.0067659350320805,475.22,6661.2099609375,1399.3299560546875,1397.6,-318,-14.700000000000044,0
2025-09-30,142.7715197879646,145.71211392036963,161.9782157192067,150.47356482878573,-0.0025041033626531,0.0039359240830114,0.0068319429073977,0.0021972695130572,474.03,6688.4599609375,1403.1500244140625,1401.7,-318,4.099999999999909,0
2025-10-01,144.3798566351425,145.99716633680248,162.3748639262768,151.35245128083002,0.011265109803177,0.0019562712307409,0.0024487750115589,0.0058408030210777,479.37,6711.2001953125,1401.8199462890625,1402.4,-318,0.7000000000000455,0
2025-10-02,148.6085175591832,146.6792882428783,162.91686677026547,153.50363487888762,0.029288441078916,0.0046721585301334,0.0033379725832118,0.0142130740523398,493.41,6715.35009765625,1405.6300048828125,1400.5,-318,-1.900000000000091,0
2025-10-03,148.6085175591832,146.6888976141544,162.92753991082054,153.50957131617952,0.0,6.551280273581206e-05,6.551280273581206e-05,3.867294280412992e-05,493.41,6715.7900390625,1405.6300048828125,1400.5,-328,0.0,0
2025-10-06,148.6085175591832,147.67314514194018,164.0207448566185,154.1275788894186,0.0,0.006709761568832,0.006709761568832,0.0040258569412989,493.41,6740.27978515625,1409.9200439453125,1400.5,-328,0.0,0
2025-10-07,148.6085175591832,147.5954711835024,163.93447229496434,154.07880752530252,0.0,-0.000525985671688,-0.000525985671688,-0.0003164350239425,493.41,6714.58984375,1414.5699462890625,1400.5,-328,0.0,0
2025-10-08,148.6085175591832,149.2899484162245,165.81653025199176,155.1427672843474,0.0,0.0114805503118409,0.0114805503118409,0.0069052959075515,493.41,6753.72021484375,1422.52001953125,1400.5,-328,0.0,0
2025-10-09,148.6085175591832,148.77286351705328,165.2422034152832,154.81809043764574,0.0,-0.0034636283598248,-0.0034636283598248,-0.0020927617341425,493.41,6735.10986328125,1421.510009765625,1400.5,-328,0.0,0
2025-10-10,152.6926088789832,142.66032020778107,160.7622107955541,153.32026674975455,0.0274822156016294,-0.0410864129705451,-0.0271116732114136,-0.0096747329957183,506.97,6552.509765625,1421.510009765625,1420.4,-324,19.90000000000009,0
2025-10-13,151.15655683392566,144.7374021481847,163.79362682327186,154.24033240645502,-0.0100597668501095,0.0145596332419443,0.0188565211483244,0.006000939577037,501.87,6654.72021484375,1426.0699462890625,1426.5,-324,6.099999999999909,0
2025-10-14,149.65664718992832,144.29878172411406,163.92272707030344,153.53342095334995,-0.0099228883973937,-0.0030304566584771,0.0007881884633451,-0.0045831815976784,496.89,6644.31005859375,1429.4300537109375,1432.0,-324,5.5,0
2025-10-15,153.7708571772785,145.08871226104586,163.50727483001782,155.321690463049,0.0274909939825716,0.0054742703125663,-0.0025344395356931,0.0116474282836596,510.55,6671.06005859375,1420.0899658203125,1420.5,-324,-11.5,0
2025-10-16,157.957351966749,143.99307815150078,161.97810836298257,156.21240750369395,0.0272255410831456,-0.0075514772477529,-0.0093522839801775,0.0057346597116572,524.45,6629.06982421875,1415.719970703125,1417.9,-324,-2.599999999999909,0
2025-10-17,158.26757424251554,144.4505515578296,162.83184889753258,156.72876944206564,0.0019639622461626,0.0031770513708131,0.0052707155502571,0.0033055116851679,525.48,6664.009765625,1415.719970703125,1420.9,-332,3.0,0
2025-10-20,161.21920366242998,146.3047232734217,165.0369395800924,159.1382071412697,0.0186496155895561,0.012836030708057,0.0135421337870298,0.0153732955843484,535.28,6735.1298828125,1419.739990234375,1421.9,-332,1.0,0
2025-10-21,161.21920366242998,146.6883203434654,166.32106681165675,159.63386703212907,0.0,0.0026219048945318,0.0077808473353395,0.0031146504649217,535.28,6735.35009765625,1430.739990234375,1425.9,-332,7.400000000000091,1
2025-10-22,163.42087826034577,145.62590357199173,165.39401209342896,159.89246543506596,0.013656404124944,-0.0072426814144852,-0.0055738863151809,0.0016199469933584,542.59,6699.39990234375,1430.4000244140625,1428.3,-332,2.400000000000091,0
2025-10-23,161.54749713872658,145.93001156682607,166.99050202757024,159.71038152721806,-0.0114635360032437,0.0020882822861525,0.0096526465132211,-0.0011387897944562,536.37,6738.43994140625,1435.8399658203125,1439.1,-332,10.799999999999956,0
2025-10-24,165.65568339256671,147.5013998012591,168.3101315427533,162.23021599894486,0.0254302067602587,0.0107680950447499,0.0079024225878738,0.0157775245893916,550.01,6791.68994140625,1435.8399658203125,1435.0,-339,-4.099999999999909,0
2025-10-27,170.37829046442985,149.86322091737338,170.51275949631906,165.49641382568038,0.0285085725714078,0.01601219459135,0.0130867223106307,0.0201331040991572,565.69,6875.16015625,1436.969970703125,1430.8,-339,-4.2000000000000455,0
2025-10-28,168.5169568098307,149.05494315038055,170.1892862299027,164.40704289029034,-0.010924711414379,-0.0053934365086045,-0.0018970619405366,-0.0065824443576009,559.51,6890.89013671875,1430.969970703125,1435.9,-339,5.099999999999909,0
2025-10-29,172.13119691584842,149.15437116350196,169.58723151916104,165.6815594659005,0.0214473378491895,0.0006670561272234,-0.0035375594085775,0.0077522018108473,571.51,6890.58984375,1425.969970703125,1429.8,-339,-6.099999999999909,0
2025-10-30,173.24558761520387,147.72062448510525,167.67671703378917,165.09257394412188,0.0064740774439642,-0.0096125019147112,-0.0112656741209671,-0.0035549250241083,575.21,6822.33984375,1424.010009765625,1427.4,-339,-2.400000000000091,0
2025-10-31,174.52563098608516,148.45770523862626,168.11686328316097,165.96448237388847,0.0073886059004537,0.0049896942697755,0.0026249693884636,0.0052813304010979,579.46,6840.2001953125,1424.02001953125,1424.0,-350,-3.400000000000091,0
2025-11-03,180.419854225649,148.7499132226727,168.77866939569927,168.5005178579964,0.0337728229731126,0.0019682911276093,0.0039365837525984,0.0152805916533074,599.03,6851.97021484375,1427.1700439453125,1426.8,-350,2.7999999999999545,0
2025-11-04,175.2725739413288,146.08324343581626,167.00810579502135,165.12389414215437,-0.0285294559537918,-0.0179272023027303,-0.0104904464943188,-0.0200392482988548,581.94,6771.5498046875,1428.969970703125,1437.4,-350,10.599999999999907,0
2025-11-05,170.29094632853435,146.67515823281738,168.8898222922726,163.98479255654289,-0.0284221741072964,0.004051900704554,0.0112672165718759,-0.006898466097407,565.4,6796.2900390625,1439.81005859375,1447.5,-350,10.099999999999907,0
2025-11-06,171.18848262152878,145.03897343608497,166.993812781609,163.21593626181172,0.0052706048814998,-0.0111551595815242,-0.0112263100578227,-0.0046885829029912,568.38,6720.31982421875,1439.739990234375,1447.4,-350,-0.099999999999909,0
2025-11-07,168.05614119631343,145.10582568404152,168.1521999879879,162.38994869368057,-0.0182976177909145,0.0004609260971224,0.0069367073371384,-0.0050607041631413,557.98,6728.7998046875,1447.9000244140625,1456.4,-336,9.0,0
2025-11-10,173.27570628275396,148.51178187467025,171.46124763029346,166.50957322140476,0.0310584608767336,0.0234722222527783,0.0196788840261497,0.0253687162343718,575.31,6832.43017578125,1454.0,1450.9,-336,-5.5,0
2025-11-11,175.11294500331297,147.83295820140327,172.0640580758472,167.1664326053855,0.0106029792633537,-0.0045708405400444,0.0035157241294168,0.0039448745875247,581.41,6846.60986328125,1456.0899658203125,1462.9,-336,12.0,0
2025-11-12,176.71525811698083,148.0367750545601,172.61578642648666,168.01402315934894,0.0091501694157307,0.0013786969809476,0.0032065287591687,0.0050703394261231,586.73,6850.919921875,1459.8399658203125,1465.6,-336,2.700000000000045,0
2025-11-13,177.29353653394364,146.12130379348298,170.70903123359,167.04202214138922,0.0032723740050788,-0.0129391582623384,-0.0110462387732347,-0.0057852374443639,588.65,6737.490234375,1468.02001953125,1468.4,-336,2.7999999999999545,0
2025-11-14,169.69760857779642,147.27754922701826,170.70357188338002,164.49270231783058,-0.0428437951244373,0.0079129148421056,-3.1980441635215406e-05,-0.0152615479079918,563.43,6734.10986328125,1468.7099609375,1456.8,-336,-11.600000000000136,0
2025-11-17,173.67929642792592,143.45364641517588,166.58525557955,163.56472205461287,0.0234634293523596,-0.0259639220771393,-0.0241255426491224,-0.0056414676769348,576.65,6672.41015625,1446.530029296875,1459.5,-336,2.700000000000045,0
2025-11-18,167.59532558279614,142.98809464359425,166.94128592566324,161.15270794012812,-0.0350299141593686,-0.0032453115219827,0.0021372260400513,-0.0147465424340059,556.45,6617.31982421875,1461.68994140625,1463.4,-336,7.700000000000045,1
2025-11-19,166.45382808264551,143.05024065610874,166.97871944415365,160.74175811105394,-0.0068110342348819,0.0004346236843661,0.0002242316409799,-0.0025500646829146,552.66,6642.16015625,1456.550048828125,1463.1,-336,-0.2999999999999545,0
2025-11-20,169.92952231793257,141.3584677244833,165.46046266871386,161.08363183998074,0.0208808308906018,-0.0118264249250196,-0.0090925165823155,0.0021268507508211,564.2,6538.759765625,1466.1300048828125,1467.0,-336,3.900000000000091,0
2025-11-21,162.74923197397737,142.70822888810633,167.89720854714665,159.4562945827144,-0.0422545196738746,0.0095484988296124,0.0147270582901224,-0.010102437092323,540.36,6602.990234375,1473.25,1474.3,-325,7.299999999999954,0
2025-11-24,162.884765977953,144.42103138018447,169.85529839683863,160.64145022634983,0.0008327781479011,0.0120021284366235,0.0116624324289593,0.0074324795188354,540.81,6705.1201171875,1467.72998046875,1473.8,-325,-0.5,0
2025-11-25,164.03228721161366,146.7285279327497,172.22708342596002,162.54042554196582,0.0070449880734455,0.0159775659439158,0.0139635622291869,0.0118212037611729,544.62,6765.8798828125,1474.8599853515625,1470.8,-325,-3.0,0
2025-11-26,168.47479067526044,147.26008107479714,172.24785058016823,164.46557011045624,0.0270831038155043,0.0036226979820247,0.000120580072513,0.0118440970119977,559.37,6812.60986328125,1464.9200439453125,1465.5,-325,-5.2999999999999545,0
2025-11-27,169.67652551051134,148.07243315433738,172.91452987093413,165.39879342883296,0.0071330246527343,0.0055164446033927,0.0038704650799437,0.0056742777090059,563.36,6812.60986328125,1470.5899658203125,1463.0,-325,-2.5,0
2025-11-28,166.85741822781753,147.35331628006168,172.75409243252443,164.00720140094154,-0.0166145981255325,-0.0048565209536751,-0.0009278424348113,-0.0084135561030569,554.0,6849.08984375,1461.4000244140625,1469.0,-337,6.0,0
2025-12-01,166.84537076079746,147.0526975894238,172.33065846751643,163.7814879455343,-7.220216606496077e-05,-0.0020401216492915,-0.0024510792134976,-0.0013762411252628,553.96,6812.6298828125,1465.6199951171875,1468.4,-337,-0.599999999999909,0
2025-12-02,170.3873260646948,147.99280264609624,173.29043430882197,165.76132982414748,0.021228969600693,0.0063929806938817,0.0055693853307388,0.0120883129311388,565.72,6829.3701171875,1470.1700439453125,1467.2,-337,-1.2000000000000457,0
2025-12-03,171.91434250948726,148.07942781144786,173.47459220075166,166.44307750216305,0.0089620306865585,0.00058533363652,0.0010627123918536,0.0041128270311225,570.79,6849.72021484375,1467.3599853515625,1467.9,-337,0.7000000000000455,0
2025-12-04,171.60110836696575,147.43882949973246,173.38625037749057,166.08086377380909,-0.00182203612537,-0.0043260452932804,-0.0005092493496618,-0.0021762018210055,569.75,6857.1201171875,1465.030029296875,1473.5,-337,5.599999999999909,0
2025-12-05,174.93223299801204,149.01049440189493,174.5935913972056,168.2592046999563,0.0194120228170249,0.0106597760406482,0.0069633031286302,0.013116146415965,580.81,6870.39990234375,1472.3800048828125,1468.1,-343,-5.400000000000091,0
2025-12-08,177.45015360520438,148.64749940930076,173.9191361001139,168.90999180712345,0.0143936915686713,-0.0024360364285159,-0.0038630014520826,0.003867765263289,589.17,6846.509765625,1471.81005859375,1466.0,-343,-2.099999999999909,0
2025-12-09,176.42310704174434,147.6273345849736,173.37710592828816,168.01255098571798,-0.0057878031807457,-0.0068629800594098,-0.0031165643067231,-0.0053131304537048,585.76,6840.509765625,1468.510009765625,1471.5,-343,5.5,0
2025-12-10,176.350822239624,148.72706388515056,174.4783909112588,168.67567555562195,-0.0004097241190931,0.0074493609416484,0.00635196312151,0.0039468751948199,585.52,6886.68017578125,1467.9300537109375,1469.9,-343,-1.599999999999909,0
2025-12-11,174.7364616589361,148.8857548510298,174.9734000640964,168.25143612204909,-0.0091542560459079,0.0010669945451339,0.0028370799974271,-0.0025151192202159,580.16,6901.0,1469.0400390625,1472.5,-343,2.599999999999909,0
2025-12-12,177.07668212758256,147.27706116995847,173.320822918446,168.1290799170693,0.0133928571428572,-0.0108048864895161,-0.0094447335711888,-0.0007272223512614,587.93,6827.41015625,1470.8499755859375,1474.5,-343,2.0,0
2025-12-15,173.02873320884274,146.9674404312354,173.28646924145485,166.4756819610619,-0.0228598642695557,-0.0021023011748297,-0.0001982085961322,-0.0098340986391108,574.49,6816.509765625,1472.9100341796875,1477.3,-343,2.7999999999999545,0
2025-12-16,169.1223420275886,145.695978799296,172.2360507887989,164.2509507089876,-0.02257654615398,-0.0086513150682125,-0.0060617453702762,-0.0133637010875536,561.52,6800.259765625,1467.47998046875,1472.7,-343,3.7999999999999545,1
2025-12-17,172.46551412565498,143.99443514228986,170.73366105377946,164.5006957602614,0.0197677731870637,-0.0116787276562389,-0.0087228528994881,0.0015205090149907,572.62,6721.43017578125,1471.739990234375,1477.0,-343,4.2999999999999545,0
2025-12-18,170.36624299740967,145.4599508644978,172.3525661851215,164.67644348538374,-0.0121721211274493,0.0101775858265618,0.0094820501203456,0.0010683707099845,565.65,6774.759765625,1474.0,1476.0,-343,-1.0,0
2025-12-19,171.1945063550387,146.67831007658503,173.91484507137423,165.8629102671145,0.0048616635728806,0.0083759083159747,0.0090644364678313,0.0072048360811003,568.4,6834.5,1474.3599853515625,1477.0,-337,1.0,0
2025-12-22,175.51051141497484,147.45898184933037,174.9582655680333,168.0989133274676,0.0252111189303307,0.0053223395629369,0.0059996057049118,0.0134810311524868,582.73,6878.490234375,1473.719970703125,1478.0,-337,1.0,0
2025-12-23,176.08577796518267,147.9866166023384,176.1264812420137,168.83508627626028,0.0032776757675081,0.0035781798191658,0.0066771105108272,0.004379403377573,584.64,6909.7900390625,1476.8399658203125,1482.6,-337,4.599999999999909,0
2025-12-24,175.95626769471704,152.05469711691416,176.91282598222307,170.38992501636966,-0.0007354953475642,0.0274895163358405,0.004464659344036,0.0092092157761878,584.21,6932.0498046875,1478.6700439453125,1448.3,-337,-34.30000000000018,0
2025-12-25,175.95626769471704,152.05469711691416,176.91282598222307,170.38992501636966,0.0,0.0,0.0,0.0,584.21,6932.0498046875,1478.6700439453125,1448.3,-337,0.0,0
2025-12-26,177.7242334799107,149.6173003145427,173.0136188884343,169.13262487158312,0.0100477567997809,-0.0160297369866672,-0.0220402736327357,-0.0073789582609755,590.08,6929.93994140625,1446.52001953125,1439.1,-351,-9.200000000000044,0
2025-12-29,182.42575748448877,149.367181826028,171.79084733229126,170.47889576174674,0.0264540401301518,-0.0016717217059047,-0.0070674873111089,0.0079598533469564,605.69,6905.740234375,1441.3299560546875,1431.3,-351,-7.799999999999954,0
2025-12-30,182.51310162038416,147.5554561888002,170.7665743668355,169.5973440287541,0.0004787927817859,-0.012129342035374,-0.005962325591622,-0.00517103145849,605.98,6896.240234375,1434.7099609375,1440.2,-351,8.900000000000091,0
2025-12-31,182.51310162038416,146.796488421713,169.8882176527707,169.08235882541325,0.0,-0.0051436103190659,-0.0051436103190659,-0.0030365169118068,605.98,6845.5,1437.9100341796875,1440.2,-351,0.0,0
2026-01-01,182.51310162038416,146.796488421713,169.8882176527707,169.08235882541325,0.0,0.0,0.0,0.0,605.98,6845.5,1437.9100341796875,1440.2,-351,0.0,0
2026-01-02,187.991687247756,147.46405781302505,170.88838249858478,171.68756593366498,0.0300174923264793,0.0045475841996591,0.0058871937067366,0.0154079179303485,624.17,6858.47021484375,1443.6400146484375,1442.1,-357,1.900000000000091,0
2026-01-05,195.3918438648272,147.96379162517,171.5977885489501,174.77927282175324,0.0393642757582068,0.0033888516263303,0.0041512830772518,0.0180077507143574,648.74,6902.0498046875,1440.47998046875,1443.2,-357,1.099999999999909,0
2026-01-06,198.617553159448,149.2933005175342,173.2700472444971,176.92604781602603,0.0165089249930634,0.0089853664721717,0.0097452228824614,0.0122827779267749,659.45,6944.81982421875,1445.56005859375,1444.3,-357,1.099999999999909,0
2026-01-07,200.13252213722043,148.52378041574997,172.60232911084543,177.00944903746546,0.0076275684282356,-0.0051544181762787,-0.003853627007497,0.0004713902925483,664.48,6920.93017578125,1444.9599609375,1446.2,-357,1.900000000000091,0
2026-01-08,200.04216613456995,148.1658446464544,172.75651124504174,176.897892283996,-0.0004514808572118,-0.0024099559565049,0.0008932795692304,-0.000630230499423,664.18,6921.4599609375,1446.1400146484375,1451.0,-357,4.7999999999999545,0
2026-01-09,201.26799590386096,148.86720919890962,174.34890869544034,178.07062482213908,0.0061278569062603,0.0047336452886884,0.0092175828217548,0.0066294319451831,668.25,6966.27978515625,1450.0799560546875,1457.5,-368,6.5,0
2026-01-12,202.65646647792275,148.48408519066777,175.24535763935268,178.69919207588958,0.0068986157875046,-0.0025735956917814,0.0051416951824934,0.0035298761622155,672.86,6977.27001953125,1455.239990234375,1468.7,-368,11.200000000000044,0
2026-01-13,205.02078188060932,148.64969869251266,176.07018565939896,179.84807864277923,0.0116666171268913,0.0011153619704916,0.004706703967267,0.006429164863833,680.71,6963.740234375,1464.9300537109375,1473.9,-368,5.2000000000000455,0
2026-01-14,206.54177459189177,148.45706069870116,176.09709175830974,180.3254699761937,0.0074187245669961,-0.0012959191677204,0.0001528146222486,0.00265441442031,685.76,6926.60009765625,1473.010009765625,1476.0,-368,2.099999999999909,0
2026-01-15,209.74338895247243,148.48507846688642,175.3396509239974,181.23648482109965,0.0155010499300045,0.0001887264105417,-0.0043012682762071,0.0050520586194855,696.39,6944.47021484375,1462.9000244140625,1469.5,-368,-6.5,0
2026-01-16,212.2281790253596,148.60253800743754,175.938519555858,182.34149212770444,0.011846809977168,0.0007910528233805,0.003415477495847,0.006097046671897,704.64,6940.009765625,1468.8399658203125,1473.3,-372,3.7999999999999545,0
2026-01-19,215.03523884103336,148.65741946150507,176.26671720614743,183.42844130277567,0.0132266121707538,0.0003693170709156,0.001865411003332,0.0059610632905757,713.96,6940.009765625,1471.5799560546875,1475.5,-372,2.200000000000045,0
2026-01-20,213.38473585928529,145.0899942571356,172.62387512903314,180.4153730843925,-0.0076755000280127,-0.0239976263363919,-0.0206666473106997,-0.0164263960211582,708.48,6796.85986328125,1471.52001953125,1476.7,-372,4.900000000000091,1
2026-01-21,215.3304017830248,148.11313893705017,175.3670666843722,183.0498061789079,0.0091181120144534,0.0208363415781573,0.0158911480424626,0.0146020433263358,714.94,6875.6201171875,1477.780029296875,1469.6,-372,-7.099999999999909,0
2026-01-22,217.5471357147156,147.7724275600459,174.78418514250123,183.50498412252537,0.0102945701737207,-0.0023003453944018,-0.0033237799598943,0.0024866343926779,722.3,6913.35009765625,1464.8299560546875,1468.1,-372,-1.5,0
2026-01-23,219.05005722546795,148.03620901177104,174.65392887487442,184.07809636717752,0.0069084867783468,0.00178505189419,-0.0007452405806658,0.0031231426622695,727.29,6915.60986328125,1463.260009765625,1464.4,-377,-3.7000000000000455,0
2026-01-26,216.86645382808223,149.36728934407847,173.31506040460334,183.41731483158028,-0.0099685132478103,0.008991586188225,-0.0076658365425622,-0.0035896804054252,720.04,6950.22998046875,1444.81005859375,1440.0,-377,-24.40000000000009,0
2026-01-27,224.42322751641427,149.04378768142698,173.56119445266583,185.91458569628145,0.0348452863729793,-0.0021658133053903,0.0014201538371096,0.0136152405621803,745.13,6978.60009765625,1440.97998046875,1445.3,-377,5.2999999999999545,0
2026-01-28,228.51635443647933,150.500238775843,172.52691437691266,187.5067326149586,0.018238428193738,0.0097719678027042,-0.0059591666156414,0.0085638623387955,758.72,6978.02978515625,1432.510009765625,1422.1,-377,-23.200000000000045,0
2026-01-29,230.58550689717447,149.632239323929,171.9141910550034,187.68472106419952,0.0090547237452551,-0.0057674290683804,-0.0035514651387706,0.0009492376447433,765.59,6969.009765625,1429.27001953125,1425.4,-377,3.2999999999999545,0
2026-01-30,231.4348533220886,147.6013601201067,171.11355281666312,186.9594682269867,0.0036834336916624,-0.0135724708324774,-0.0046571969040305,-0.0038642081950013,768.41,6939.02978515625,1428.760009765625,1438.6,-393,13.200000000000044,0
2026-02-02,218.49888560930023,147.86197821715913,174.44907969999875,183.9718127551231,-0.0558946395804322,0.0017656889939251,0.0194930607683041,-0.0159802309035042,725.46,6976.43994140625,1448.800048828125,1463.9,-393,25.299999999999955,0
2026-02-03,234.78706102042,149.0249147739863,173.42955784471792,189.3427582455183,0.0745458054200092,0.0078650141899171,-0.0058442375106484,0.0291943934777891,779.54,6917.81005859375,1452.5400390625,1444.3,-393,-19.59999999999991,0
2026-02-04,238.05192458285603,146.90551503549733,171.85373691361255,189.0758500536665,0.013905636657516,-0.0142217812484797,-0.0090862304597253,-0.0014096561934822,790.38,6882.72021484375,1446.6800537109375,1451.7,-393,7.400000000000091,0
2026-02-05,227.9832540208417,144.69465127185927,171.32417509546684,184.80865134231576,-0.0422961107315468,-0.0150495627281512,-0.0030814681580761,-0.0225687136148776,756.95,6798.39990234375,1460.1099853515625,1468.7,-393,17.0,0
2026-02-06,225.31775194265367,148.7987962486512,175.96322370132455,187.02749500167312,-0.0116916573089371,0.0283641789155071,0.0270776065506965,0.012006167694214,748.1,6932.2998046875,1470.6800537109375,1466.9,-382,-1.7999999999999543,0
2026-02-09,235.2087223661221,149.42507415634495,175.79335006819628,190.49352581104685,0.043897874615693,0.0042088909553219,-0.0009653928221764,0.018532199286221,780.94,6964.81982421875,1462.4000244140625,1459.3,-382,-7.599999999999909,0
2026-02-10,235.15450876453184,148.56870597614048,174.75010803139384,189.8199590688552,-0.0002304914590109,-0.0057310875369447,-0.0059344795260898,-0.003535903592124,780.76,6941.81005859375,1458.5400390625,1459.0,-382,-0.2999999999999545,0
2026-02-11,237.56099030178865,148.89295595455897,174.35696639695556,190.61587764741168,0.0102336185255391,0.002182491772329,-0.0022497361453284,0.0041930183867955,788.75,6941.47021484375,1455.3299560546875,1452.5,-382,-6.5,0
2026-02-12,245.85265947834424,146.53337709243013,170.312623276851,191.1895837053579,0.0349033280507131,-0.0158474848390341,-0.0231957644347681,0.0030097495813408,816.28,6832.759765625,1444.18994140625,1441.7,-382,-10.799999999999956,0
2026-02-13,245.34365399674675,146.34344971761874,170.00945249892035,190.85229456564343,-0.0020703680109765,-0.0012961372936322,-0.0017800840131375,-0.0017641606471314,814.59,6836.169921875,1440.9000244140625,1441.0,-397,-0.7000000000000455,0
2026-02-16,245.34365399674675,146.20329101697604,169.8466279652278,190.74262265478197,0.0,-0.0009577381216115,-0.0009577381216115,-0.0005746428729668,814.59,6836.169921875,1439.52001953125,1441.0,-397,0.0,0
2026-02-17,245.34365399674675,146.42625447715193,170.10564807077344,190.9170879474656,0.0,0.0015250235382868,0.0015250235382868,0.0009146633838594,814.59,6843.22021484375,1440.22998046875,1441.0,-397,0.0,0
2026-02-18,245.34365399674675,147.2146912979255,171.02158733890158,191.5340269768039,0.0,0.0053845317807852,0.0053845317807852,0.0032314500287582,814.59,6881.31005859375,1439.969970703125,1441.0,-397,0.0,0
2026-02-19,253.0690922233596,146.7881676291915,170.56145257728727,193.61602975548027,0.0314882333443817,-0.0028972901072137,-0.0026905069048533,0.0108701456944175,840.24,6861.89013671875,1440.1600341796875,1444.8,-397,0.2999999999999545,1
2026-02-20,258.8970543943131,148.57566506030815,172.6502372539149,196.83225700709224,0.0230291345329904,0.0121773945406292,0.012246522558672,0.0166113686747619,859.59,6909.509765625,1447.75,1444.9,-408,0.099999999999909,0
2026-02-23,260.6740557797718,146.99524685366202,170.34849757885652,195.9573011537895,0.0068637373631614,-0.010637126921186,-0.0133318071939468,-0.004445185289275,865.49,6837.75,1443.43994140625,1441.0,-408,-3.900000000000091,0
2026-02-24,267.1164387687484,147.93116049926613,171.50448056979377,198.68382355555963,0.0247143236779165,0.0063669653654571,0.0067859887663648,0.0139138597322807,886.88,6890.06982421875,1442.199951171875,1441.6,-408,0.599999999999909,0
2026-02-25,272.2215529184984,150.21000290273955,172.6349581552619,201.52867872289045,0.0191119429911601,0.0154047490453149,0.0065915338288091,0.0143185042265672,903.83,6946.1298828125,1439.989990234375,1428.9,-408,-12.700000000000044,0
2026-02-26,284.3262454069026,148.4185912544719,170.15136586640125,203.6484118601174,0.0444663266322205,-0.0119260476243222,-0.0143863810400846,0.0105182704052839,944.02,6908.85986328125,1426.9300537109375,1425.3,-408,-3.599999999999909,0
2026-02-27,281.1095717125469,147.10084525774224,170.05293688199103,202.11280523242604,-0.0113133196330585,-0.0088785777145015,-0.0005784789555407,-0.0075404792684862,933.34,6878.8798828125,1432.3199462890625,1437.3,-423,12.0,0
2026-03-02,281.1095717125469,147.79439477370988,170.8547006778192,202.68455682771105,0.0,0.0047147894680852,0.0047147894680852,0.0028288736808512,933.34,6881.6201171875,1438.5,1437.3,-423,0.0,0
2026-03-03,258.83982892596777,144.87529165001692,170.86120186338965,195.07902261735475,-0.0792208627081235,-0.0197511084785214,3.8050961107094494e-05,-0.0375239945726169,859.4,6816.6298828125,1452.27001953125,1465.8,-423,28.5,0
2026-03-04,227.93506415276136,148.2948642730661,175.83816097811422,189.3751304716885,-0.1193972538980684,0.0236035598900469,0.0291286673653614,-0.0292388800658203,756.79,6869.5,1483.0699462890625,1473.6,-423,7.799999999999954,0
2026-03-05,250.3523884103362,145.87453362233163,172.21386392319596,193.53227804280496,0.0983496082136392,-0.0163210685858797,-0.0206115500455521,0.0219519192449506,831.22,6830.7099609375,1460.75,1467.4,-423,-6.2000000000000455,0
2026-03-06,249.63255225588767,144.98588901005772,172.10974659399002,192.92184182872893,-0.0028752917398522,-0.0060918420111261,-0.0006045815756875,-0.0031541829623945,828.83,6740.02001953125,1479.510009765625,1475.2,-391,7.799999999999954,0
2026-03-09,233.5130413830487,144.72245215817142,174.0527259478593,188.4870472885361,-0.0645729522338719,-0.0018169826986957,0.0112891883947328,-0.0229875191847376,775.31,6795.990234375,1483.8900146484375,1494.6,-391,19.40000000000009,0
2026-03-10,247.88265767122405,145.26604793713514,171.40809399306193,192.25678442921452,0.0615366756523196,0.0037561260941709,-0.0151944299659496,0.0199999798124468,823.02,6781.47998046875,1464.469970703125,1466.6,-391,-28.0,0
2026-03-11,251.2047467020053,146.0365513808462,172.23635398196924,193.86983962659784,0.013401861437146,0.0053040848474411,0.0048320938038133,0.0083901080639221,834.05,6775.7998046875,1472.780029296875,1465.9,-391,-0.7000000000000455,0
2026-03-12,249.2349858442257,142.38779723760024,169.90841112436317,191.02155814818917,-0.0078412565193932,-0.024985211638766,-0.0135159785015525,-0.0146917204032077,827.51,6672.6201171875,1475.3399658203125,1483.0,-391,17.09999999999991,0
2026-03-13,244.8436841154141,139.8832568576141,168.33404860802074,188.1348749961348,-0.0176191224275236,-0.0175895717791522,-0.0092659480829945,-0.015111818687056,812.93,6632.18994140625,1470.5799560546875,1495.1,-384,12.099999999999907,0
2026-03-16,249.03017890488465,144.00985142523797,173.64353411439177,192.8668337827996,0.0170986431796096,0.0295002751603381,0.0315413640334558,0.025151949029982,826.83,6699.3798828125,1501.75,1498.1,-384,3.0,0
2026-03-17,253.26486356243535,143.63910136150068,172.5882896434214,193.66498313191903,0.0170047047156005,-0.0025744770935324,-0.0060770732198711,0.0041383442319498,840.89,6716.08984375,1488.9100341796875,1490.9,-384,-5.2999999999999545,1
2026-03-18,267.6254442503457,142.05192679876336,169.77785065421918,196.496075468597,0.0567018278252804,-0.0110497388781541,-0.0162840653616116,0.0146185040315187,888.57,6624.7001953125,1484.8699951171875,1483.0,-384,-7.900000000000091,0
2026-03-19,259.73435335220705,141.93075751515133,171.63498015346133,194.64449297269005,-0.0294855779510899,-0.0008529928902948,0.0109385852871026,-0.0094229998817604,862.37,6606.490234375,1505.25,1500.6,-384,17.59999999999991,0
2026-03-20,259.77350762002226,138.67474296836025,167.30622072519927,191.89139892090057,0.0001507473590223,-0.0229408664041231,-0.0252207296227823,-0.014144217541134,862.5,6506.47998046875,1489.8399658203125,1497.2,-386,-3.400000000000091,0
2026-03-23,242.41310764411725,139.76551509839513,170.85461808033725,188.4355905289081,-0.0668289855072463,0.0078656870507684,0.0212089983250904,-0.0180091885901407,804.86,6581.0,1504.2099609375,1517.1,-386,19.90000000000009,0
2026-03-24,249.27414011204084,139.67334265076985,168.08213395924977,189.4706226432077,0.0283030589170787,-0.0006594791824034,-0.0162271535428081,0.0054927633967361,827.64,6556.3701171875,1485.3599853515625,1493.7,-386,-23.40000000000009,0
2026-03-25,252.6052647430872,141.15091521778265,170.35258063581546,191.8494892211371,0.0133632980522933,0.0105787728636755,0.013507959609295,0.0125553320337639,838.7,6591.89990234375,1497.31005859375,1498.1,-386,4.400000000000091,0
2026-03-26,243.6268899463882,138.31705500006768,167.7965434087324,187.14070503332223,-0.0355431024204125,-0.0200768107903699,-0.0150043939313572,-0.024544158063341,808.89,6477.16015625,1500.969970703125,1505.8,-386,7.700000000000045,0
2026-03-27,242.5124992470328,136.53427833166572,165.8030062496983,185.38540994116235,-0.0045741695409757,-0.0128890588973363,-0.0118806807252164,-0.0093795472868789,805.19,6368.85009765625,1508.3599853515625,1507.3,-369,1.5,0
2026-03-30,235.0219866273111,136.0710446128037,165.99952070881363,182.97222584399492,-0.0308871198102311,-0.003392801606471,0.00118522856467,-0.0130171198366327,780.32,6343.72021484375,1516.1300048828125,1514.2,-369,6.900000000000091,0
2026-03-31,224.2545629781333,137.25834211071177,169.39298558291787,181.30172919048647,-0.0458145376255895,0.0087255705377038,0.0204426185064525,-0.0091297826530938,744.57,6528.52001953125,1503.3299560546875,1531.8,-369,17.59999999999991,0
2026-04-01,245.1177639901205,141.9375894637533,171.60142270095463,190.3279826489916,0.0930335629960916,0.0340908048362355,0.0130373587220098,0.0497858100902146,813.84,6575.31982421875,1512.0899658203125,1499.9,-369,-31.90000000000009,0
2026-04-02,233.30823444370765,140.13298193732876,171.46769652766704,185.93698684652807,-0.0481790032438809,-0.0127140916880612,-0.0007792835932405,-0.023070679052809,774.63,6582.68994140625,1509.219970703125,1518.6,-369,18.700000000000045,0
2026-04-03,240.44334678633763,141.2925099059731,171.46769652766704,188.5910430138954,0.0305823425377278,0.0082744829419451,0.0,0.0142739549154788,798.32,6582.68994140625,1509.219970703125,1505.8,-375,-12.799999999999956,0
2026-04-06,244.5153906391176,141.74232997256362,172.07040782019467,190.24759139056644,0.0169355646858402,0.0031836087198809,0.0035150136424115,0.0087838125830239,811.84,6611.830078125,1507.8499755859375,1506.3,-375,0.5,0
2026-04-07,247.30437925426125,141.30120752673318,171.20520478509917,190.6604866387766,0.0114061884115097,-0.0031121433231402,-0.0050281919247823,0.0021703047339112,821.1,6616.85009765625,1499.1300048828125,1503.4,-375,-2.900000000000091,0
2026-04-08,265.89060899945724,145.94912258025644,172.978808653889,198.938075355748,0.0751552795031054,0.032893668319458,0.0103595207342912,0.0434153340469229,882.81,6782.81005859375,1477.5999755859375,1469.4,-375,-34.0,0
2026-04-09,260.75236431540213,145.37141829185703,173.53724669616722,197.27894178555368,-0.0193246564946023,-0.0039582580435298,0.0032283610149934,-0.0083399498423184,865.75,6824.66015625,1473.280029296875,1480.6,-375,11.200000000000044,0
2026-04-10,264.6768266971864,144.9343246728709,173.33967088061635,198.26998213120203,0.0150505342188853,-0.0030067369784381,-0.0011385210916523,0.0050235485687348,878.78,6816.89013671875,1473.280029296875,1483.5,-404,2.900000000000091,0
2026-04-13,262.26733329317454,146.07346948799827,175.526210581097,198.76580869105905,-0.0091035298937163,0.0078597310726669,0.0126141909083614,0.0025007646368218,870.78,6886.240234375,1476.8399658203125,1490.5,-404,7.0,0
2026-04-14,270.1644479248232,148.15462069018048,176.70214471896685,202.38972895711004,0.0301109350237718,0.0142472908289017,0.0066994788640215,0.0182321108943019,897.0,6967.3798828125,1469.4200439453125,1479.3,-404,-11.200000000000044,0
2026-04-15,276.0677067646521,150.2508145736703,178.67390864251504,205.6954686971017,0.0218506131549609,0.0141486905620944,0.0111586869909483,0.0163335350910629,916.6,7022.9501953125,1474.06005859375,1474.8,-404,-4.5,0
2026-04-16,282.4739473525684,151.12603398856078,179.60933770427087,208.29521960196263,0.0232053240235652,0.0058250560396218,0.0052353982115396,0.0126388341042613,937.87,7041.27978515625,1477.9200439453125,1473.9,-404,-0.900000000000091,0
2026-04-17,280.52828142882885,151.98094331460396,181.7719174095394,208.80515588471505,-0.0068879482231013,0.0056569295407295,0.0120404636691509,0.0024481420347852,931.41,7126.06005859375,1477.9200439453125,1483.7,-424,9.799999999999956,0
2026-04-20,281.8354316005053,151.4208844539052,180.277739684352,208.44857977418144,0.0046596021086311,-0.0036850597744971,-0.0082200691200333,-0.0017076978249065,935.75,7109.14013671875,1469.260009765625,1477.0,-424,-6.7000000000000455,0
2026-04-21,289.81989036804936,152.68834371099138,181.14987143554265,211.64875916747863,0.028330216403954,0.0083704388708152,0.0048377118146569,0.0153523684198955,962.26,7064.009765625,1485.800048828125,1467.8,-424,-5.2000000000000455,1
2026-04-22,290.5005722546827,152.62782057237354,182.0788463872453,212.14661366756667,0.0023486375823582,-0.0003963834903624,0.0051282120397928,0.002352267511732,964.52,7137.89990234375,1477.9599609375,1476.0,-424,8.200000000000045,0
2026-04-23,293.84374435274907,151.8519243321017,181.5704842507144,212.6469920508561,0.0115083150167958,-0.0050835833032413,-0.0027919890015656,0.002358644216087,975.62,7108.39990234375,1479.949951171875,1479.4,-424,3.400000000000091,0
2026-04-24,292.71429431961855,152.69240924899773,183.01827096859785,213.15607036827933,-0.0038437096410487,0.0055348980303858,0.0079736897979756,0.002394006670461,971.87,7165.080078125,1479.949951171875,1483.0,-432,3.599999999999909,0
2026-04-27,299.78013372688315,153.45205923502064,182.3832923102742,215.31049802678152,0.0241390309403521,0.0049750343829084,-0.0034694823361793,0.0101072779901594,995.33,7173.91015625,1473.0,1470.5,-432,-12.5,0
2026-04-28,300.89452442623855,152.30750541551467,181.3662321610115,214.80040448813247,0.0037173600715338,-0.0074587061601632,-0.0055764984630962,-0.0023691066776762,999.03,7138.7998046875,1471.989990234375,1473.3,-432,2.7999999999999545,0
2026-04-29,303.1714956930297,153.39492673620364,183.1893071356697,216.55603680887745,0.0075673403201106,0.0071396436946579,0.0100518985973074,0.008173319435448,1006.59,7135.9501953125,1487.3800048828125,1477.6,-432,4.2999999999999545,0
2026-04-30,298.8223600987884,152.9844706730975,183.40130327280437,215.1913863204944,-0.014345463396219,-0.0026758125046208,0.0011572517001638,-0.0063016044645636,992.15,7209.009765625,1474.010009765625,1483.3,-432,5.7000000000000455,0
2026-05-01,298.8223600987884,153.43245951823843,183.93836260757885,215.5666510471193,0.0,0.0029283288896571,0.0029283288896571,0.0017438649986949,992.15,7230.1201171875,1474.010009765625,1483.3,-439,0.0,0
2026-05-04,316.1436058068783,155.21834118074293,183.44470786760144,221.14394826916035,0.0579650254497809,0.0116395296543637,-0.0026838052322484,0.0258727275065469,1049.66,7200.75,1476.050048828125,1462.2,-439,-21.100000000000136,0
2026-05-05,316.1436058068783,156.2571428309633,184.67241500457664,222.01343465817808,0.0,0.0066925186953952,0.0066925186953952,0.0039317665973812,1049.66,7259.22021484375,1473.9599609375,1462.2,-439,0.0,0
2026-05-06,340.22950424673127,156.22711038106107,183.61523108387777,228.57919052431956,0.0761865747003791,-0.0001921988931712,-0.0057246444774802,0.0295736871791132,1129.63,7365.1201171875,1444.449951171875,1453.9,-439,-8.299999999999955,0
2026-05-07,346.322510692126,157.04911027078785,184.22633476583363,230.89867583307583,0.0179085187185181,0.00526157008039,0.0033281753280951,0.010147403634757,1149.86,7337.10986328125,1454.7900390625,1451.0,-439,-2.900000000000091,0
2026-05-08,346.717065237033,156.497574632464,185.77857124561564,231.3258039186481,0.0011392691284157,-0.0035118673220935,0.0084257035334009,0.0018498507366107,1151.17,7398.93017578125,1454.7900390625,1469.0,-477,18.0,0
2026-05-11,364.8695861695069,158.65249271233887,188.64314294421823,238.1959149873188,0.0523554296932686,0.0137696579958873,0.0154192794109466,0.0296988530993576,1211.44,7412.83984375,1474.449951171875,1471.4,-477,2.400000000000091,0
2026-05-12,356.4273236552006,158.56132129983772,190.7090582725568,236.6741762797404,-0.0231377534174205,-0.0005746610780736,0.0109514467162445,-0.0063886011968737,1183.41,7400.9599609375,1492.989990234375,1488.4,-477,17.0,0
2026-05-13,367.49894584663485,159.16304065926715,191.4198364357123,240.16126195924053,0.0310627762144988,0.0037948684742075,0.0037270288553348,0.0147336973315523,1220.17,7444.25,1489.8399658203125,1488.3,-477,-0.099999999999909,0
2026-05-14,374.4262393831688,160.5109005562337,193.33840588797457,243.32436966799492,0.0188498324004031,0.0084684226399771,0.0100228350832731,0.0131707656886448,1243.17,7501.240234375,1493.3399658203125,1490.6,-477,2.2999999999999545,0
2026-05-15,350.09637973615963,157.49380590654093,190.94810128293437,234.60051445803904,-0.0649790455046372,-0.0187968208965082,-0.0123633201280517,-0.0358527804751297,1162.39,7408.5,1493.3399658203125,1500.2,-471,9.599999999999907,0
2026-05-18,352.7799530148778,156.6802151927059,190.67729656217267,234.85643445720376,0.0076652414422009,-0.0051658584866367,-0.001418211120939,0.0010908756946077,1171.3,7403.0498046875,1492.3199462890625,1505.8,-471,5.599999999999909,0
2026-05-19,341.06981507138045,156.30489327166129,191.37494962427084,231.80705719356803,-0.0331938871339536,-0.0023954646767812,0.0036588155730994,-0.0129840056146786,1132.42,7353.60986328125,1507.8499755859375,1505.5,-471,9.0,1
2026-05-20,338.98861514366524,157.18728556417548,192.40370521176183,232.02271126892077,-0.0061019762985465,0.0056453273729605,0.0053756021334598,0.0009303171265084,1125.51,7432.97021484375,1499.77001953125,1505.1,-471,-0.4000000000000909,0
2026-05-21,369.0199385579173,157.94300574571145,193.32873780908005,240.75100305608137,0.0885909498804986,0.0048077691450905,0.0048077691450905,0.03761826477859,1225.22,7445.72021484375,1504.4000244140625,1505.1,-471,0.0,0
2026-05-22,369.2638997650735,157.29849338960935,194.04926884159275,240.79395299545268,0.000661105760598,-0.0040806641171548,0.0037269732409066,0.000178399835623,1226.03,7473.47021484375,1504.4000244140625,1516.8,-480,11.700000000000044,0
2026-05-25,369.2638997650735,158.38486245632865,195.38945410685687,241.7917671372807,0.0,0.0069064174952298,0.0069064174952298,0.0041438504971378,1226.03,7473.47021484375,1514.7900390625,1516.8,-480,0.0,0
2026-05-26,379.6548400698744,159.8319888970764,195.36952827057004,245.1592703609913,0.0281396050667601,0.0091367724055495,-0.000101980101116,0.0139272865390767,1260.53,7519.1201171875,1505.43994140625,1502.8,-480,-14.0,0
2026-05-27,391.1993253418459,159.94539418725736,195.0993190891492,248.1219864584344,0.0304078443194528,0.0007095281173908,-0.0013830671743579,0.0120848626000582,1298.86,7520.35986328125,1503.1099853515625,1499.6,-480,-3.200000000000045,0
2026-05-28,389.3048611529416,159.767469471906,195.20101886398015,247.58398951648363,-0.0048427082210553,-0.001112409120972,0.0005212718081526,-0.0021682759743698,1292.57,7563.6298828125,1495.2900390625,1502.1,-480,2.5,0
2026-05-29,404.4394915968907,159.68599448964167,195.62504636166383,251.6520915026735,0.0388760376614032,-0.000509959771746,0.0021722606785117,0.0164311997481525,1342.82,7580.06005859375,1495.2900390625,1506.2,-505,4.099999999999909,0
2026-06-01,421.63423890127,162.15805352757084,198.234729312442,258.10754549174214,0.0425150057342011,0.0154807504930529,0.0133402291747115,0.0256522961940097,1399.91,7599.9599609375,1511.27001953125,1503.0,-505,-3.200000000000045,0
2026-06-02,423.8389253659408,161.3379747307337,199.1909049763741,258.6375635023877,0.0052289075726297,-0.0050572807146929,0.0048234518101268,0.0020534773969345,1407.23,7609.77978515625,1516.5999755859375,1518.0,-505,15.0,0
2026-06-03,423.8389253659408,161.57520262655115,199.48379100852117,258.8627496336063,0.0,0.0014703785405352,0.0014703785405352,0.0008706629005053,1407.23,7553.68017578125,1530.1099853515625,1518.0,-505,0.0,0
2026-06-04,415.50509005481496,161.198332739296,200.6801515026302,257.07206824526014,-0.0196627416982299,-0.002332473554907,0.0059972817242979,-0.0069174935014044,1379.56,7584.31005859375,1533.0699462890625,1530.6,-505,12.599999999999907,0
2026-06-05,390.6451418589232,156.04881149754647,195.3730922711228,246.402014317544,-0.0598306706486125,-0.0319452512581367,-0.0264453618943868,-0.0415060803787379,1297.02,7383.740234375,1533.0699462890625,1538.9,-482,8.299999999999955,0
2026-06-08,357.3700379495203,156.56402088107626,195.41938626838032,238.2681885516739,-0.0851798738647052,0.0033015912046076,0.00023695175584,-0.033010386657748,1186.54,7405.72998046875,1528.8800048828125,1534.2,-482,-4.7000000000000455,0
2026-06-09,389.5548460936079,157.83124388388308,194.52452349976684,246.6502100648404,0.090060174962496,0.0080939605132484,-0.0045791913775867,0.0351789366600596,1293.4,7386.64990234375,1525.81005859375,1514.7,-482,-19.5,0
2026-06-10,369.59219324137007,154.1897793230728,191.27800961863295,238.66027305524815,-0.0512447811968457,-0.0230718865999009,-0.0166894837870544,-0.0323937977084706,1227.12,7266.990234375,1525.050048828125,1524.6,-482,9.900000000000093,0
2026-06-11,370.9234383470866,155.4303874477532,193.6501256103747,240.4813326328125,0.0036019297216247,0.0080459815827414,0.0124014046176619,0.0076303423031061,1231.54,7394.2998046875,1517.3800048828125,1531.2,-482,6.599999999999909,0
2026-06-12,388.9283778085648,157.2391979461349,194.62331700314888,246.2490763488985,0.0485408512918783,0.0116374315736023,0.005025513873057,0.0239841639803812,1291.32,7431.4599609375,1517.3800048828125,1521.1,-487,-10.099999999999907,0
2026-06-15,409.6921872176365,160.19717267803102,197.3094766875472,253.91703300539825,0.0533872316699191,0.0188119423816281,0.0138018389870258,0.0311390270785638,1360.26,7554.2900390625,1513.31005859375,1513.5,-487,-7.599999999999909,0
2026-06-16,419.1735437624229,159.0703155434928,195.88326376786284,255.24748899397383,0.0231426344963463,-0.0070341886545214,-0.0072283042032637,0.0052397272165169,1391.74,7511.35009765625,1510.9599609375,1510.7,-487,-0.2999999999999545,1
2026-06-17,426.7724835853251,158.6417144322906,195.35547337384767,256.77028463409795,0.0181283860491183,-0.0026944129062533,-0.0026944129062533,0.0059659573777826,1416.97,7420.10009765625,1525.4200439453125,1510.7,-487,0.0,0
2026-06-18,439.5006324920175,160.05268095462648,199.0459345586464,262.057526957463,0.0298242023472621,0.0088940448442901,0.0188910047978863,0.0205913325636548,1459.23,7500.580078125,1537.56005859375,1526.0,-487,15.299999999999956,0
2026-06-19,439.5759291608929,160.0734121293474,199.0459345586464,262.08633652010815,0.0001713232321156,0.0001295271944041,0.0,0.0001099360242755,1459.48,7500.580078125,1537.56005859375,1525.8,-511,-0.2000000000000454,0
2026-06-22,444.9189807842891,158.56332991045124,198.50063211477072,262.40346773232363,0.0121550141146162,-0.0094336854497479,-0.0027395809167605,0.001210025735894,1477.22,7472.7900390625,1539.050048828125,1536.1,-511,10.299999999999956,0
2026-06-23,398.0784290102997,155.51511023136243,195.1665342201604,248.41819770841752,-0.1052788345676337,-0.0192239888050428,-0.0167964094576917,-0.0532968186158744,1321.7,7365.4599609375,1535.25,1539.8,-511,3.7000000000000455,0
2026-06-24,412.5112945003304,155.68529577402887,195.92845999986636,252.244858217751,0.0362563365362789,0.0010943344502876,0.0039039776094318,0.0154041070446258,1369.62,7358.22021484375,1542.760009765625,1544.0,-511,4.2000000000000455,0
2026-06-25,437.9706041804701,156.3573102264153,196.3814071388553,258.82565793883305,0.0617178487463676,0.0043164927621798,0.0023117985972496,0.0260889350434296,1454.15,7357.490234375,1546.47998046875,1541.0,-511,-3.0,0
2026-06-26,411.5685802060107,157.2718842539337,196.2887823915052,252.94167332937408,-0.0602826393425712,0.0058492565918029,-0.0004716574175711,-0.0227333899440892,1366.49,7354.02001953125,1546.47998046875,1531.5,-491,-9.5,0
2026-06-29,407.3670260827651,157.43029640851174,197.98520340870823,252.64104281471663,-0.0102086367262109,0.0010072503126001,0.0086424756246104,-0.0011885369093211,1352.54,7440.43017578125,1541.72998046875,1543.3,-491,11.799999999999956,0
2026-06-30,412.84561171013695,158.8764599478104,200.44379666229815,255.63607455999284,0.013448770461502,0.0091860561295396,0.0124180656496564,0.0118548898940094,1370.73,7499.35986328125,1548.6099853515625,1548.3,-491,5.0,0
2026-07-01,402.19263899764974,157.97700155085735,200.42598469969136,252.57636669859772,-0.0258037687947298,-0.0056613698294164,-8.886262834462144e-05,-0.0119689987677268,1335.36,7483.22998046875,1551.81005859375,1557.0,-491,8.700000000000045,0
2026-07-02,367.33329317510896,157.28688352987393,199.1760180785107,243.19063250141068,-0.0866732566498922,-0.0043684714496954,-0.0062365497320796,-0.0371599857891185,1219.62,7483.240234375,1542.1300048828125,1554.1,-491,-2.900000000000091,0
2026-07-03,391.33184747906654,160.2176649383373,199.1760180785107,250.50432172822812,0.0653318246666996,0.0186333490923717,0.0,0.030073893684104,1299.3,7483.240234375,1542.1300048828125,1525.3,-487,-28.799999999999955,0
2026-07-06,389.4735256912225,159.52193362006764,198.87902700717152,249.59009671434677,-0.0047487108443006,-0.0043424132946728,-0.0014910985479292,-0.0036495378905009,1293.13,7537.43017578125,1528.760009765625,1529.7,-487,4.400000000000091,0
2026-07-07,369.1253538943428,158.20854828679808,196.8403378122692,242.9946114226313,-0.0522453272292809,-0.0082332586087983,-0.0102509008897595,-0.0264252683842015,1225.57,7503.85009765625,1519.8599853515625,1526.6,-487,-3.099999999999909,0
2026-07-08,348.8856093006437,158.86274674564703,194.1535686530117,237.10527149562068,-0.0548316293642958,0.0041350386305487,-0.0136494845981207,-0.0242365042275258,1158.37,7482.7099609375,1503.3499755859375,1499.5,-487,-27.09999999999991,0
2026-07-09,352.30708993434047,159.52578475829583,196.06783825354384,239.0146300519268,0.0098068838108722,0.0041736532083911,0.0098595643325685,0.0080527883005814,1169.73,7543.64013671875,1505.9100341796875,1508.2,-487,8.700000000000045,0
2026-07-10,360.4270827058602,160.69556488536952,196.8930570804931,241.9538375418961,0.0230480538243869,0.0073328592543587,0.0042088433998139,0.0122971865334382,1196.69,7575.39013671875,1505.9100341796875,1503.4,-482,-4.7999999999999545,0
2026-07-13,324.91416179748126,158.6059288488846,194.26734762662204,230.50606576046965,-0.0985301122262241,-0.0130036945199798,-0.0133357137768326,-0.0473138673795333,1078.78,7515.33984375,1497.699951171875,1502.9,-482,-0.5,0
2026-07-14,328.9651225829761,159.21469661192563,193.719056651462,231.6666744180661,0.0124677876860899,0.0038382408996894,-0.0028223527106254,0.0050350460573238,1092.23,7543.58984375,1487.8800048828125,1493.0,-482,-9.900000000000093,0
2026-07-15,350.55117161616687,160.53864271817255,194.23932259927224,238.25276586637045,0.0656180474808421,0.0083154767393989,0.0026856725239288,0.0284291707680797,1163.9,7572.39990234375,1486.199951171875,1484.6,-482,-8.400000000000091,0
2026-07-16,325.3900367447736,159.36728217300902,192.29272235324336,230.2497894654505,-0.0717759257668185,-0.0072964398186663,-0.0100216589513382,-0.0335902769977016,1080.36,7533.77001953125,1478.8499755859375,1480.5,-482,-4.099999999999909,0
2026-07-17,325.3900367447736,157.75790529438672,190.3508465989296,228.80694673899947,0.0,-0.0100985400307898,-0.0100985400307898,-0.0062664236514645,1080.36,7457.68994140625,1478.8499755859375,1480.5,-464,0.0,0
2026-07-20,310.9812661887831,157.03357192790298,189.48973238223996,224.12848777263048,-0.0442815357843681,-0.0045914235811643,-0.0045238265659203,-0.0204471893578725,1032.52,7443.27978515625,1475.010009765625,1480.6,-464,0.099999999999909,0
2026-07-21,323.2907656165284,159.5380407674052,191.7783549029859,229.5058091413698,0.0395827683725256,0.0159486204685711,0.0120778181064151,0.0239921369308233,1073.39,7509.2001953125,1479.719970703125,1473.0,-464,-5.7000000000000455,1
2026-07-22,325.3478706102035,158.28293415833411,190.9874732631144,229.25310489846865,0.0063630181015288,-0.007867130641907,-0.00412393588563,-0.0011010799414906,1080.22,7498.9599609375,1475.6300048828125,1478.6,-464,5.599999999999909,0
2026-07-23,339.2355882175765,157.34190022666473,188.4751947028068,231.84391514125795,0.0426857491992371,-0.0059452646406468,-0.0131541536069571,0.0113010911845086,1126.33,7408.2998046875,1474.0400390625,1467.9,-464,-10.700000000000044,0
2026-07-24,317.9266309258471,157.55869352593936,188.5688223724744,225.97841546667067,-0.0628146280397397,0.0013778484876712,0.0004967638835191,-0.0252993470672436,1055.58,7411.97998046875,1474.0400390625,1466.6,-460,-1.2999999999999543,0
2026-07-27,322.03481717968725,156.24786078679452,187.3710506331456,226.1517987553261,0.0129218060213343,-0.0083196471728107,-0.0063519076179139,0.0007672559713163,1069.22,7413.18017578125,1464.43994140625,1469.5,-460,2.900000000000091,0
2026-07-28,284.82922715499,156.19381134378244,186.3190668900475,215.17222367488475,-0.1155328183161557,-0.0003459211712718,-0.0056144411825803,-0.0485495810374702,945.69,7428.77978515625,1453.1600341796875,1461.8,-460,-7.700000000000045,0
2026-07-29,267.21281850490874,154.299006167214,182.1203835220481,207.8388303468727,-0.0618490202920618,-0.0121311155689643,-0.0225349098086519,-0.0340815055157512,887.2,7316.14990234375,1442.280029296875,1446.6,-460,-15.200000000000044,0
2026-07-30,262.782362508282,155.5936057653818,182.36132399020985,207.2228399370874,-0.0165802524797115,0.0083902004965918,0.0013229736479911,-0.0029637888586903,872.49,7437.6298828125,1420.5999755859375,1436.4,-460,-10.200000000000044,0
2026-07-31,315.2852237816992,158.03037055896385,183.63851337257745,223.65784865124664,0.1997959862004148,0.0156610856956193,0.0070036198159879,0.0793107975894398,1046.81,7489.72021484375,1420.5999755859375,1423.8,-472,-12.600000000000136,0
2026-08-03,297.1869164508155,160.31467435119512,187.39102164968693,220.863362109476,-0.0574029671095995,0.0144548404471339,0.0204342118011822,-0.0124944711693447,986.72,7600.5,1428.5,1432.3,-472,8.5,0
2026-08-04,301.19571110174013,163.15347307134832,190.7352678726532,224.42809349572047,0.0134891357223934,0.0177076660738764,0.0178463524747629,0.016139985157328,1000.03,7736.52001953125,1428.4300537109375,1432.5,-472,0.2000000000000454,0
2026-08-05,312.809469309077,162.99588951240514,189.44637870096304,227.18569408309216,0.0385588432347028,-0.0009658608914458,-0.0067574769263474,0.0122872343850493,1038.59,7723.5498046875,1421.1600341796875,1424.0,-472,-8.5,0
2026-08-06,296.04240708390984,162.828496732749,189.2647426408052,222.29055107319925,-0.0536015174419164,-0.0010269754664175,-0.0009587729330238,-0.0215468805359837,982.92,7709.9599609375,1422.300048828125,1424.1,-472,0.099999999999909,0
2026-08-07,293.57568821155274,164.60252036946386,190.4351995879265,222.7714947289036,-0.0083323159565376,0.0108950440021968,0.006184231308959,0.0021635811930933,974.73,7757.64013671875,1422.300048828125,1417.2,-470,-6.900000000000091,0
2026-08-10,294.5123787723623,163.92924309300085,189.6562583406512,222.509082780437,0.0031906271480306,-0.0040903217942944,-0.0040903217942944,-0.0011779422173644,977.84,7753.10986328125,1417.31005859375,1417.2,-470,0.0,0
2026-08-11,297.3917233901564,162.78796794870732,188.3626569123936,222.46569143390903,0.0097766505767813,-0.0069619984986209,-0.006820768476483,-0.0001950093271958,987.4,7728.2001953125,1412.1800537109375,1417.4,-470,0.2000000000000454,0
2026-08-12,310.05059936148336,163.779680205537,189.4298045234652,227.0851791332709,0.0425663358314767,0.0060920488739202,0.0056653883979134,0.0207649443363013,1029.43,7748.5,1416.4599609375,1416.8,-470,-0.599999999999909,0
2026-08-13,322.6432142642,164.59130712397126,190.7166521332675,231.6885386248137,0.040614709110867,0.004955602046699,0.0067932689527898,0.0202715100523629,1071.24,7798.990234375,1416.8499755859375,1419.4,-470,2.6000000000001364,0
2026-08-14,330.75718330220974,164.49730275230405,190.39311400457075,233.99964967943112,0.0251484261229977,-0.0005711381318358,-0.0016964335577297,0.0099750771804898,1098.18,7785.759765625,1416.8499755859375,1417.8,-495,-1.599999999999909,0
2026-08-17,330.75718330220974,163.39255423097953,189.1144516335309,233.05673780434805,0.0,-0.0067159066005356,-0.0067159066005356,-0.0040295439603214,1098.18,7745.06005859375,1414.72998046875,1417.8,-495,0.0,0
2026-08-18,325.88398289259584,162.69296649319404,187.6603236197999,230.8429834134176,-0.0147334681017684,-0.0042816378082719,-0.0076891427448857,-0.0094987787599983,1082.0,7691.759765625,1413.5799560546875,1412.6,-495,-4.7999999999999545,1
2026-08-19,304.9846394795485,162.03351833474008,184.83927273610556,223.60717609980068,-0.0641312384473197,-0.0040533292413814,-0.0150327508195595,-0.0313451472798645,1012.61,7707.97998046875,1389.4000244140625,1397.2,-495,-15.400000000000093,0
2026-08-20,325.5767724835844,161.33472518659545,183.42023474404297,228.61304767887813,0.0675185905728761,-0.0043126456508894,-0.0076771455062394,0.0223869003955545,1080.98,7641.16015625,1390.7900390625,1392.5,-495,-4.7000000000000455,0
2026-08-21,330.1758930184918,162.80146341340512,184.21741458407212,230.83440219752237,0.0141260707876185,0.0090912742133678,0.0043461935437036,0.0097166567752704,1096.25,7674.3701171875,1390.7900390625,1385.9,-498,-6.599999999999909,0
2026-08-24,317.4537678453095,161.77144450659708,182.37627116510524,226.14640562409912,-0.0385313568985177,-0.0063268405898323,-0.0099944048347647,-0.020308916386786,1054.01,7652.85986328125,1380.760009765625,1380.8,-498,-5.099999999999909,0
2026-08-25,319.4626829709044,161.76465559815674,183.0549518013574,226.9604384872565,0.0063282132048083,-4.19660494536166e-05,0.0037213209367448,0.0035995834685538,1060.68,7677.27978515625,1381.489990234375,1386.0,-498,5.2000000000000455,0
2026-08-26,322.61911933015983,162.05917359743958,183.28224486760183,228.05385791393127,0.0098804540483463,0.0018206572887865,0.0012416657621536,0.0048176652898748,1071.16,7675.7001953125,1383.489990234375,1385.2,-498,-0.7999999999999545,0
2026-08-27,327.8748268176605,163.42982058436874,184.19683403766385,230.45045418193965,0.0162907502147202,0.0084576945352928,0.0049900587518592,0.0105089047382518,1088.61,7730.990234375,1380.449951171875,1380.4,-498,-4.7999999999999545,0
2026-08-28,320.97464008192173,163.91307018239937,183.7386532156185,228.55413611446528,-0.0210451860629609,0.0029569242400358,-0.002487452210778,-0.008228745194736,1065.7,7711.759765625,1380.449951171875,1372.8,-497,-7.599999999999909,0
2026-08-31,322.8269381362557,162.195194424952,181.2935862204925,227.45068293244927,0.0057708548371959,-0.0104804074228841,-0.0133073087906915,-0.0048279729291942,1071.85,7686.14013671875,1366.6199951171875,1368.9,-497,-3.900000000000091,0
2026-09-01,323.8660321667358,161.5273448433806,180.8259815942225,227.2927786018533,0.0032187339646405,-0.0041175670089315,-0.0025792673420961,-0.0006942354648493,1075.3,7631.47021484375,1372.8599853515625,1371.0,-497,2.099999999999909,0
2026-09-02,310.6830913800363,161.03581114093922,179.74369353089577,222.92845226703548,-0.0407049195573328,-0.0030430370963998,-0.0059852464440391,-0.0192013418185309,1031.53,7666.60009765625,1358.3900146484375,1367.0,-497,-4.0,0
2026-09-03,311.0716221914332,163.46368816721065,181.2468308965343,224.61564712871584,0.0012505695423303,0.0150766280436006,0.0083626709572437,0.0075683244759594,1032.82,7747.7099609375,1355.4100341796875,1357.9,-497,-9.099999999999907,0
2026-09-04,316.7038130233108,163.87130048321137,180.56584638702648,226.13621973061365,0.018105768672179,0.002493595492497,-0.0037572216084515,0.0067696646308279,1051.52,7718.60009765625,1355.4100341796875,1349.3,-501,-8.599999999999909,0
2026-09-07,332.8685018974749,163.31114254026576,178.98852628657335,229.92853474114577,0.0510403986609859,-0.0034182797188638,-0.008735428831166,0.0167700468993854,1105.19,7718.60009765625,1343.5699462890625,1342.1,-501,-7.2000000000000455,0
2026-09-08,331.3294379856623,161.5158243908398,177.3657143155126,228.1360068935819,-0.0046236393742253,-0.0109932373351886,-0.0090665698228192,-0.0077960217055351,1100.08,7673.52001953125,1339.2099609375,1344.7,-501,2.599999999999909,0
2026-09-09,335.7056803806988,161.69701159969512,176.5015335692844,229.13624117068693,0.0132081303177951,0.0011217923044919,-0.0048723100152882,0.0043843770684195,1114.61,7636.35986328125,1339.1700439453125,1336.7,-501,-8.0,0
2026-09-10,334.9587374254552,161.2871224990932,176.6485564826878,228.80845402320253,-0.0022249934954825,-0.0025349206923913,0.0008329837731733,-0.0014305338422664,1112.13,7591.7001953125,1348.1700439453125,1341.2,-501,4.5,0
2026-09-11,328.3597373652178,162.04471147347456,178.16752845453567,227.8080289829104,-0.0197009342432989,0.0046971448348928,0.0085988360283981,-0.0043723255094004,1090.22,7656.97998046875,1348.1700439453125,1346.4,-507,5.2000000000000455,0
2026-09-14,316.4959942172148,160.97950090409222,176.96989877455312,223.6070721831196,-0.0361303223202656,-0.0065735596039905,-0.0067219301427766,-0.0184407758521364,1050.83,7619.97998046875,1345.6099853515625,1346.2,-507,-0.2000000000000454,0
2026-09-15,313.9750617432674,160.80806907265037,178.52587532548597,223.43203542458448,-0.0079651323239723,-0.0010649295747535,0.0087923232239346,-0.0007827872205747,1042.46,7585.72998046875,1363.5699462890625,1359.4,-507,13.200000000000044,0
2026-09-16,319.2729353653384,160.60899881333043,179.42592199516642,225.16353650488023,0.0168735491050016,-0.0012379370044546,0.0050415474397731,0.0077495649941399,1060.05,7551.81005859375,1376.5999755859375,1367.8,-507,8.400000000000091,0
2026-09-17,319.0922233600375,161.12374297964752,181.85427867467547,226.26196200952631,-0.000566011037215,0.0032049522138876,0.0135340348401524,0.0048783454092811,1059.45,7637.759765625,1379.530029296875,1381.6,-507,13.799999999999956,0
2026-09-18,319.0922233600375,161.3083575848819,182.1576223518149,226.45618139194363,0.0,0.0011457939209971,0.0016680590599797,0.0008583828262265,1059.45,7650.5,1379.530029296875,1382.3,-492,0.7000000000000455,0
