index,KODEX200,USMV,QUAL,IEF,SGOV,KODEX_GOLD_H,USDKRW,QQQ,SOXL,QQQM
2023-09-22,31411.361328125,70.24529266357422,128.17010498046875,82.75021362304688,88.05020904541016,12244.2353515625,1341.1700439453125,357.9100036621094,17.84000015258789,147.25
2023-09-25,31439.748046875,70.33061218261719,128.59547424316406,82.14148712158203,88.0677490234375,12224.333984375,1338.449951171875,359.6099853515625,18.21999931335449,147.9499969482422
2023-09-26,31028.1796875,69.48904418945312,126.89727783203124,82.11465454101562,88.0677490234375,12164.6298828125,1353.75,354.2099914550781,17.239999771118164,145.69000244140625
2023-09-27,31103.87109375,69.26031494140625,127.1980972290039,81.74763488769531,88.0940170288086,12060.1484375,1352.8199462890625,355.0400085449219,17.68000030517578,146.05999755859375
2023-09-28,31103.87109375,69.36515045166016,128.11026000976562,81.97142028808594,88.12028503417969,12060.1484375,1347.8499755859375,358.010009765625,18.63999938964844,147.22999572753906
2023-09-29,31103.87109375,68.98391723632812,127.8870620727539,81.98930358886719,88.14654541015625,12060.1484375,1347.8499755859375,358.2699890136719,18.8700008392334,147.41000366210938
2023-10-02,31103.87109375,68.53597259521484,128.19761657714844,81.32426452636719,88.15708923339844,12060.1484375,1354.18994140625,361.260009765625,19.07999992370605,148.64999389648438
2023-10-03,31103.87109375,68.10708618164062,126.58673858642578,80.65113067626953,88.16590881347656,12060.1484375,1359.219970703125,354.9200134277344,17.889999389648438,145.99000549316406
2023-10-04,30280.7421875,68.53597259521484,127.57656860351562,81.16270446777344,88.18347930908203,11552.6669921875,1351.1600341796875,359.75,18.63999938964844,148.00999450683594
2023-10-05,30290.205078125,68.40253448486328,127.6347427368164,81.31529998779297,88.23624420166016,11577.5439453125,1346.06005859375,358.69000244140625,18.399999618530277,147.52999877929688
2023-10-06,30346.97265625,68.85050201416016,129.43971252441406,80.83961486816406,88.24502563476562,11547.69140625,1346.06005859375,364.7000122070313,19.46999931335449,149.99000549316406
2023-10-09,30346.97265625,69.41280364990234,130.4391632080078,81.87176513671875,88.25382232666016,11547.69140625,1346.8900146484375,366.55999755859375,19.3799991607666,150.7899932861328
2023-10-10,30417.927734375,69.69872283935547,130.9534912109375,81.71019744873047,88.25382232666016,11796.45703125,1341.8900146484375,368.5899963378906,20.049999237060547,151.61000061035156
2023-10-11,30928.83984375,69.8226318359375,131.88510131835938,82.1589584350586,88.27140808105469,11811.3828125,1338.260009765625,371.2200012207031,20.51000022888184,152.7100067138672
2023-10-12,31278.90234375,69.3270263671875,131.48719787597656,81.36917114257812,88.31535339355469,11935.765625,1348.3399658203125,369.9299926757813,20.68000030517578,152.16000366210938
2023-10-13,31004.525390625,69.51764678955078,130.76913452148438,81.88970184326172,88.31535339355469,11910.8896484375,1348.3399658203125,365.2799987792969,18.979999542236328,150.27000427246094
2023-10-16,30767.998046875,70.15619659423828,132.21495056152344,81.40504455566406,88.34171295166016,12139.7529296875,1347.760009765625,369.4100036621094,19.809999465942383,152.00999450683594
2023-10-17,31146.44921875,70.14666748046875,132.00152587890625,80.60624694824219,88.35054779052734,12174.5810546875,1352.989990234375,368.2000122070313,19.299999237060547,151.5
2023-10-18,31278.90234375,69.62248229980469,130.3130340576172,80.22930145263672,88.36812591552734,12298.962890625,1354.56005859375,363.3699951171875,18.280000686645508,149.49000549316406
2023-10-19,30682.845703125,68.87908935546875,128.99330139160156,79.83438110351562,88.40327453613281,12348.716796875,1356.22998046875,359.9700012207031,17.43000030517578,148.07000732421875
2023-10-20,30219.240234375,68.34536743164062,127.57656860351562,80.30110168457031,88.42083740234375,12542.75390625,1356.22998046875,354.6000061035156,16.639999389648438,145.88999938964844
2023-10-23,30058.40234375,67.96412658691406,127.50862121582033,80.67804718017578,88.43843841552734,12547.728515625,1334.43994140625,355.6700134277344,16.389999389648438,146.32000732421875
2023-10-24,30290.205078125,68.47879791259766,128.44021606445312,80.8216552734375,88.44725036621094,12542.75390625,1343.6400146484375,359.1300048828125,17.040000915527344,147.72999572753906
2023-10-25,30124.62890625,68.32630157470703,126.41207885742188,80.11259460449219,88.44725036621094,12527.8271484375,1352.6800537109375,350.3399963378906,14.970000267028809,144.1300048828125
2023-10-26,29353.537109375,68.06895446777344,124.32575225830078,80.72291564941406,88.5,12592.5068359375,1350.3399658203125,343.6600036621094,14.729999542236328,141.25999450683594
2023-10-27,29381.921875,67.24932098388672,123.8793716430664,80.84857940673828,88.5,12612.408203125,1350.3399658203125,345.3099975585937,15.100000381469728,142.08999633789062
2023-10-30,29462.6015625,67.89741516113281,125.4319839477539,80.57931518554688,88.51754760742188,12677.0869140625,1355.219970703125,349.20001220703125,14.529999732971191,143.6699981689453
2023-10-31,29101.9140625,68.38348388671875,125.99483489990234,80.40877532958984,88.5351333618164,12642.259765625,1348.0699462890625,350.8699951171875,14.899999618530272,144.3300018310547
2023-11-01,29505.314453125,68.81236267089844,127.29513549804688,81.33489990234375,88.55018615722656,12547.728515625,1350.1600341796875,356.9599914550781,15.949999809265137,146.92999267578125
2023-11-02,29994.146484375,69.74638366699219,129.87635803222656,81.83891296386719,88.58549499511719,12582.5556640625,1347.8399658203125,363.4400024414063,17.079999923706055,149.50999450683594
2023-11-03,30297.8828125,70.26104736328125,130.99229431152344,82.46895599365234,88.59429168701172,12592.5068359375,1333.6800537109375,367.7099914550781,18.3799991607666,151.3000030517578
2023-11-06,31716.91015625,70.37541198730469,131.44839477539062,81.991943359375,88.61196899414062,12577.5810546875,1307.8399658203125,369.2099914550781,18.25,151.8699951171875
2023-11-07,31142.65625,70.32776641845703,132.03062438964844,82.45994567871094,88.61196899414062,12478.07421875,1297.1099853515625,372.7000122070313,18.600000381469727,153.3300018310547
2023-11-08,30853.15234375,70.40400695800781,132.4381866455078,82.7929458618164,88.6296615600586,12458.1728515625,1304.550048828125,372.9400024414063,18.670000076293945,153.4499969482422
2023-11-09,31000.275390625,69.85122680664062,131.58424377441406,81.97391510009766,88.6738052368164,12343.7412109375,1308.1199951171875,370.0700073242188,18.38999938964844,152.2899932861328
2023-11-10,30824.6796875,70.45166778564453,133.7190399169922,82.06391143798828,88.6738052368164,12388.5185546875,1315.199951171875,378.3900146484375,20.600000381469727,155.63999938964844
2023-11-13,30800.947265625,70.4707260131836,133.4959259033203,82.01891326904297,88.68260192871094,12269.111328125,1319.6199951171875,377.2099914550781,20.020000457763672,155.22000122070312
2023-11-14,31118.92578125,71.27130889892578,135.8636474609375,83.25196075439453,88.71793365478516,12308.9140625,1319.0699462890625,385.3299865722656,22.13999938964844,158.52999877929688
2023-11-15,31792.83984375,71.21412658691406,135.73748779296875,82.60395812988281,88.71793365478516,12468.1240234375,1304.239990234375,385.6199951171875,22.6299991607666,158.66000366210938
2023-11-16,31769.119140625,71.21412658691406,135.65985107421875,83.2249526977539,88.76207733154297,12418.37109375,1301.8599853515625,385.9500122070313,22.71999931335449,158.8000030517578
2023-11-17,31607.75390625,71.24272155761719,135.73748779296875,83.2789535522461,88.77971649169922,12532.802734375,1292.449951171875,386.0400085449219,23.1299991607666,158.83999633789062
2023-11-20,31859.2890625,71.49053192138672,136.84373474121094,83.39598083496094,88.7885513305664,12522.8525390625,1294.5,390.739990234375,24.18000030517578,160.75999450683594
2023-11-21,32011.15625,71.70973205566406,136.5914306640625,83.50395965576172,88.81503295898438,12587.53125,1288.1500244140625,388.4700012207031,22.84000015258789,159.8300018310547
2023-11-22,32068.107421875,72.20532989501953,136.98927307128906,83.47696685791016,88.85035705566406,12632.30859375,1295.18994140625,390.05999755859375,23.0,160.49000549316406
2023-11-23,32072.85546875,72.20532989501953,136.98927307128906,83.47696685791016,88.85035705566406,12607.4326171875,1298.7900390625,390.05999755859375,23.0,160.49000549316406
2023-11-24,31821.3203125,72.39594268798828,136.98927307128906,83.0449447631836,88.87687683105469,12597.4814453125,1300.1800537109375,389.510009765625,23.09000015258789,160.25999450683594
2023-11-27,31783.35546875,72.19580841064453,136.58172607421875,83.67498779296875,88.87687683105469,12706.9384765625,1289.7900390625,389.1700134277344,22.96999931335449,160.10000610351562
2023-11-28,32148.78515625,72.11954498291016,136.4846649169922,84.04397583007812,88.88568115234375,12736.7900390625,1302.530029296875,390.1900024414063,22.540000915527344,160.52000427246094
2023-11-29,32044.37890625,72.04330444335938,136.416748046875,84.4849853515625,88.91217041015625,12925.8525390625,1287.530029296875,389.80999755859375,23.21999931335449,160.39999389648438
2023-11-30,32229.46875,72.76764678955078,136.8922576904297,84.07099151611328,88.93866729736328,12905.951171875,1288.3599853515625,388.8299865722656,22.809999465942383,159.9499969482422
2023-12-01,31864.033203125,73.27276611328125,137.7073516845703,84.86419677734375,88.96792602539062,12900.9755859375,1296.6600341796875,389.9400024414063,23.06999969482422,160.42999267578125
2023-12-04,32025.396484375,73.23465728759766,137.00869750976562,84.51225280761719,88.976806640625,13154.716796875,1299.18994140625,386.3200073242188,22.309999465942383,158.92999267578125
2023-12-05,31674.1953125,72.98685455322266,136.94076538085938,85.10786437988281,88.99453735351562,12841.271484375,1307.800048828125,387.2900085449219,21.93000030517578,159.35000610351562
2023-12-06,31778.609375,72.9106216430664,136.5428924560547,85.45982360839844,88.99453735351562,12786.5439453125,1313.3699951171875,385.0499877929688,21.46999931335449,158.39999389648438
2023-12-07,31655.208984375,72.9677963256836,137.58123779296875,85.3334732055664,89.03888702392578,12786.5439453125,1313.719970703125,390.4299926757813,23.18000030517578,160.69000244140625
2023-12-08,32115.5703125,72.93920135498047,138.28961181640625,84.78300476074219,89.04772186279297,12806.4443359375,1312.760009765625,392.1700134277344,23.700000762939453,161.3699951171875
2023-12-11,32224.724609375,73.68258666992188,139.48316955566406,84.79200744628906,89.06549835205078,12607.4326171875,1316.510009765625,395.5199890136719,26.11000061035156,162.75
2023-12-12,32357.603515625,73.99711608886719,140.5699920654297,84.97248840332031,89.07433319091797,12542.75390625,1313.6199951171875,398.6700134277344,26.649999618530277,164.0800018310547
2023-12-13,32044.37890625,74.94066619873047,142.1905517578125,86.23589324951172,89.08319854736328,12453.1982421875,1310.1400146484375,403.739990234375,27.920000076293945,166.1199951171875
2023-12-14,32433.544921875,74.18772888183594,142.09352111816406,86.95274353027344,89.1322250366211,12841.271484375,1292.010009765625,403.3900146484375,30.190000534057617,165.97000122070312
2023-12-15,32618.62890625,73.73979187011719,141.9673309326172,86.88030242919922,89.14110565185547,12846.2470703125,1291.9200439453125,405.3399963378906,30.56999969482422,166.6300048828125
2023-12-18,32723.0390625,74.17821502685547,142.95713806152344,86.69023895263672,89.1500244140625,12751.716796875,1276.469970703125,407.0799865722656,30.290000915527344,167.47999572753906
2023-12-19,32751.513671875,74.32115936279297,143.60733032226562,86.85316467285156,89.1767349243164,12756.69140625,1302.9300537109375,409.1600036621094,30.75,168.2899932861328
2023-12-20,33382.72265625,73.30529022216797,141.73753356933594,87.278564453125,89.18567657470703,12861.1728515625,1297.760009765625,403.0799865722656,28.100000381469727,165.80999755859375
2023-12-21,33164.4140625,73.8515625,142.9931182861328,87.14280700683594,89.23912811279297,12806.4443359375,1296.97998046875,407.7699890136719,30.26000022888184,167.75
2023-12-22,33268.81640625,74.19656372070312,142.78872680664062,87.06134033203125,89.24800872802734,12891.025390625,1291.7099609375,408.3800048828125,30.51000022888184,168.02000427246094
2023-12-25,33268.81640625,74.19656372070312,142.78872680664062,87.06134033203125,89.24800872802734,12891.025390625,1297.3599853515625,408.3800048828125,30.51000022888184,168.02000427246094
2023-12-26,33406.45703125,74.378662109375,143.43115234375,87.11564636230469,89.25692749023438,13005.45703125,1294.5799560546875,410.8800048828125,32.15999984741211,169.02999877929688
2023-12-27,33776.6328125,74.51284790039062,143.70367431640625,87.7944564819336,89.26581573486328,13010.4326171875,1293.9200439453125,411.5,32.349998474121094,169.35000610351562
2023-12-28,34331.91015625,74.63742065429688,143.6617889404297,87.45957946777344,89.31928253173828,13134.8154296875,1294.760009765625,411.2999877929688,32.220001220703125,169.27999877929688
2023-12-29,34331.91015625,74.78118896484375,143.3111572265625,87.24235534667969,89.32820129394531,13134.8154296875,1277.8399658203125,409.5199890136719,31.399999618530277,168.5399932861328
2024-01-01,34331.91015625,74.78118896484375,143.3111572265625,87.24235534667969,89.32820129394531,13134.8154296875,1293.530029296875,409.5199890136719,31.399999618530277,168.5399932861328
2024-01-02,34540.734375,75.0687026977539,142.26904296875,86.91654205322266,89.34603118896484,13050.2353515625,1293.5400390625,402.5899963378906,28.040000915527344,165.6999969482422
2024-01-03,33582.0546875,74.89619445800781,141.3534698486328,87.12470245361328,89.35492706298828,12985.5556640625,1307.6199951171875,398.3299865722656,26.25,163.9199981689453
2024-01-04,33287.8046875,74.75243377685547,140.85675048828125,86.59976196289062,89.39946746826172,12861.1728515625,1309.530029296875,396.2799987792969,25.57999992370605,163.11000061035156
2024-01-05,33192.890625,74.61827087402344,140.9833526611328,86.2829818725586,89.40839385986328,12841.271484375,1311.25,396.75,25.93000030517578,163.32000732421875
2024-01-08,33083.7265625,75.19327545166016,143.06764221191406,86.57258605957031,89.43509674072266,12766.642578125,1313.1300048828125,404.9500122070313,28.43000030517578,166.6999969482422
2024-01-09,32960.33203125,75.04952239990234,142.96054077148438,86.5363998413086,89.44400787353516,12771.6171875,1311.800048828125,405.75,28.420000076293945,167.02000427246094
2024-01-10,32599.650390625,75.2411880493164,143.81765747070312,86.40060424804688,89.4618148803711,12746.7412109375,1319.7900390625,408.5,28.170000076293945,168.16000366210938
2024-01-11,32651.85546875,75.16453552246094,144.1682891845703,86.86221313476562,89.51528930664062,12771.6171875,1317.5,409.3500061035156,28.459999084472656,168.5399932861328
2024-01-12,32338.619140625,75.52870178222656,144.51890563964844,87.09754180908203,89.52420806884766,12786.5439453125,1311.989990234375,409.55999755859375,28.100000381469727,168.60000610351562
2024-01-15,32476.255859375,75.52870178222656,144.51890563964844,87.09754180908203,89.52420806884766,12920.876953125,1312.8499755859375,409.55999755859375,28.100000381469727,168.60000610351562
2024-01-16,32030.14453125,75.30829620361328,143.89556884765625,86.3915786743164,89.53309631347656,12866.1484375,1319.7099609375,409.5199890136719,29.190000534057617,168.57000732421875
2024-01-17,31247.06640625,75.14535522460938,143.3209228515625,86.11100769042969,89.54202270507812,12657.185546875,1337.7900390625,407.2099914550781,28.43000030517578,167.6199951171875
2024-01-18,31247.06640625,75.51911926269531,144.78184509277344,85.92091369628906,89.57764434814453,12657.185546875,1344.050048828125,412.989990234375,31.190000534057617,170.08999633789062
2024-01-19,31864.033203125,76.0749740600586,146.8856964111328,85.92996215820312,89.60438537597656,12692.0126953125,1337.6600341796875,421.1799926757813,34.86000061035156,173.38999938964844
2024-01-22,31897.25390625,76.20913696289062,147.40185546875,86.19245147705078,89.61328125,12701.962890625,1333.2099609375,421.7300109863281,35.2599983215332,173.60000610351562
2024-01-23,32063.357421875,76.53498077392578,147.07070922851562,85.97522735595703,89.631103515625,12721.8642578125,1338.739990234375,423.4800109863281,35.91999816894531,174.3699951171875
2024-01-24,31939.966796875,76.19956970214844,147.3336944580078,85.73086547851562,89.63999938964844,12706.9384765625,1336.780029296875,425.8299865722656,37.41999816894531,175.2899932861328
2024-01-25,31977.93359375,76.59249114990234,147.76223754882812,86.1019287109375,89.68455505371094,12632.30859375,1329.8900146484375,426.3500061035156,37.119998931884766,175.49000549316406
2024-01-26,32034.88671875,76.64999389648438,147.41162109375,85.94805908203125,89.68455505371094,12672.111328125,1336.030029296875,423.80999755859375,34.0099983215332,174.47000122070312
2024-01-29,32414.552734375,76.87041473388672,148.7556915283203,86.4639663696289,89.6934585571289,12696.98828125,1336.760009765625,428.1499938964844,35.040000915527344,176.25
2024-01-30,32357.447265625,77.12916564941406,148.7556915283203,86.58164978027344,89.7201919555664,12756.69140625,1333.2099609375,425.2999877929688,33.529998779296875,175.0500030517578
2024-01-31,32200.396484375,76.40081787109375,146.583740234375,87.30570983886719,89.7201919555664,12751.716796875,1326.6199951171875,416.9700012207031,32.099998474121094,171.61000061035156
2024-02-01,32752.462890625,77.27293395996094,148.3368682861328,87.8464584350586,89.7720947265625,12791.5185546875,1333.9100341796875,421.8800048828125,32.45000076293945,173.72000122070312
2024-02-02,33808.984375,77.00457763671875,150.2848663330078,86.7032699584961,89.78105163574219,12871.1240234375,1328.949951171875,429.010009765625,33.650001525878906,176.6699981689453
2024-02-05,33399.69921875,76.54457092285156,150.19720458984375,85.85944366455078,89.7989273071289,12716.8896484375,1337.72998046875,428.4500122070313,35.099998474121094,176.3800048828125
2024-02-06,33271.2109375,76.69790649414062,150.46014404296875,86.32219696044922,89.80789184570312,12692.0126953125,1333.3900146484375,427.5899963378906,33.83000183105469,176.0399932861328
2024-02-07,33742.359375,77.0333251953125,152.22308349609375,86.16793060302734,89.82579803466797,12726.83984375,1326.7900390625,431.989990234375,35.36000061035156,177.82000732421875
2024-02-08,33780.43359375,76.91834259033203,152.58343505859375,85.88667297363281,89.85265350341797,12721.8642578125,1327.6199951171875,432.7900085449219,37.150001525878906,178.1699981689453
2024-02-09,33780.43359375,77.00457763671875,153.5379180908203,85.7323989868164,89.87950897216797,12721.8642578125,1331.469970703125,437.0499877929688,39.31999969482422,179.89999389648438
2024-02-12,33780.43359375,76.94708251953125,153.52816772460938,85.81407928466797,89.87950897216797,12721.8642578125,1330.06005859375,435.3399963378906,39.150001525878906,179.1999969482422
2024-02-13,34194.48046875,76.37206268310547,151.6192169189453,84.87045288085938,89.89739990234375,12647.2353515625,1328.5,428.5499877929688,36.84000015258789,176.39999389648438
2024-02-14,33728.08203125,76.75540924072266,153.15809631347656,85.18803405761719,89.91529846191406,12463.1484375,1340.7900390625,433.2200012207031,39.119998931884766,178.35000610351562
2024-02-15,33680.48828125,77.29210662841797,154.04441833496094,85.42394256591797,89.96002960205078,12453.1982421875,1326.0,434.510009765625,39.11000061035156,178.8800048828125
2024-02-16,34018.3984375,77.11000061035156,152.87564086914062,85.05194091796875,89.968994140625,12522.8525390625,1327.6600341796875,430.5700073242188,38.33000183105469,177.25
2024-02-19,34551.4140625,77.11000061035156,152.87564086914062,85.05194091796875,89.968994140625,12622.3583984375,1331.5799560546875,430.5700073242188,38.33000183105469,177.25
2024-02-20,34146.8828125,77.0716781616211,151.736083984375,85.19711303710938,89.98687744140625,12622.3583984375,1333.3399658203125,427.3200073242188,36.41999816894531,175.91000366210938
2024-02-21,34070.73828125,77.31126403808594,151.97955322265625,84.9249267578125,89.99581909179688,12687.037109375,1333.75,425.6099853515625,36.13999938964844,175.17999267578125
2024-02-22,34246.828125,78.1067123413086,155.8949737548828,84.9339828491211,90.03163146972656,12682.0625,1332.8699951171875,438.0700073242188,41.41999816894531,180.36000061035156
2024-02-23,34351.53125,78.38462829589844,156.08975219726562,85.32414245605469,90.05850219726562,12617.3828125,1327.1700439453125,436.7799987792969,40.16999816894531,179.80999755859375
2024-02-26,34075.5078125,78.02045440673828,155.9436492919922,85.19711303710938,90.06742858886719,12701.962890625,1330.0,436.5499877929688,41.209999084472656,179.74000549316406
2024-02-27,33785.19140625,78.0491943359375,155.93392944335938,85.00658416748047,90.08533477783205,12701.962890625,1331.719970703125,437.6000061035156,41.11000061035156,180.16000366210938
2024-02-28,34199.234375,78.1067123413086,155.593017578125,85.3150634765625,90.09427642822266,12692.0126953125,1331.7900390625,435.2699890136719,39.79999923706055,179.19000244140625
2024-02-29,34108.8203125,78.00127410888672,156.10923767089844,85.48744201660156,90.12112426757812,12711.9140625,1333.3800048828125,439.0,42.84000015258789,180.69000244140625
2024-03-01,34108.8203125,78.38462829589844,158.1545867919922,85.87774658203125,90.14807891845705,12711.9140625,1335.199951171875,445.6099853515625,48.33000183105469,183.47999572753906
2024-03-04,34599.00390625,78.48046875,158.03773498535156,85.68668365478516,90.15707397460938,12990.53125,1330.9000244140625,444.0199890136719,49.77000045776367,182.75999450683594
2024-03-05,34322.9765625,77.98211669921875,156.32351684570312,86.21430206298828,90.16604614257812,13219.3955078125,1328.93994140625,436.0499877929688,46.84000015258789,179.50999450683594
2024-03-06,34199.234375,78.52838897705078,157.46307373046875,86.42355346679688,90.18402862548828,13274.1240234375,1333.4300537109375,438.7900085449219,50.220001220703125,180.6699981689453
2024-03-07,34223.03515625,78.81588745117188,159.3038787841797,86.5691146850586,90.2289581298828,13448.259765625,1327.0899658203125,445.4500122070313,55.31999969482422,183.38999938964844
2024-03-08,34722.74609375,78.71047973632812,157.40463256835938,86.63279724121094,90.23793029785156,13448.259765625,1321.1800537109375,439.0199890136719,48.95000076293945,180.74000549316406
2024-03-11,34432.4375,78.98839569091797,156.96632385253906,86.52361297607422,90.25592041015624,13587.568359375,1315.97998046875,437.3900146484375,46.77000045776367,180.0800018310547
2024-03-12,34727.5,79.31424713134766,159.2551727294922,86.1688461303711,90.264892578125,13567.6669921875,1310.5400390625,443.6600036621094,49.58000183105469,182.6300048828125
2024-03-13,34889.3125,79.20883178710938,159.02145385742188,85.9778060913086,90.27388763427734,13473.1357421875,1311.1500244140625,440.25,46.08000183105469,181.24000549316406
2024-03-14,35203.421875,78.93089294433594,158.76820373535156,85.34097290039062,90.309814453125,13522.8896484375,1313.6500244140625,439.1400146484375,43.52999877929688,180.80999755859375
2024-03-15,34541.89453125,78.76798248291016,157.2779998779297,85.19542694091797,90.32778930664062,13522.8896484375,1321.9200439453125,433.9200134277344,42.7400016784668,178.63999938964844
2024-03-18,34760.8203125,78.95006561279297,158.16433715820312,85.0953369140625,90.3367919921875,13393.53125,1329.3399658203125,437.4800109863281,42.540000915527344,179.99000549316406
2024-03-19,34346.7734375,79.42924499511719,159.089599609375,85.34097290039062,90.3547592163086,13438.30859375,1336.0899658203125,438.5700073242188,41.41999816894531,180.42999267578125
2024-03-20,34951.1796875,79.64008331298828,160.64796447753906,85.54110717773438,90.3637237548828,13448.259765625,1337.02001953125,443.7699890136719,43.400001525878906,182.58999633789062
2024-03-21,35898.25390625,79.7940902709961,161.50213623046875,85.55022430419922,90.39968872070312,13741.802734375,1330.1099853515625,445.8699951171875,46.310001373291016,183.4199981689453
2024-03-22,35793.5546875,79.59195709228516,160.66262817382812,85.96869659423828,90.41765594482422,13552.7412109375,1334.6800537109375,446.3800048828125,46.43000030517578,183.58999633789062
2024-03-25,35650.77734375,79.34169006347656,160.03787231445312,85.74127960205078,90.43563842773438,13507.962890625,1343.5999755859375,444.760009765625,45.88999938964844,183.0
2024-03-26,36002.953125,79.33208465576172,159.4228515625,85.86863708496094,90.44461059570312,13532.83984375,1339.1300048828125,443.3200073242188,45.02999877929688,182.39999389648438
2024-03-27,36021.99609375,80.256103515625,160.2526397705078,86.19612884521484,90.48954010009766,13557.716796875,1343.06005859375,444.8299865722656,46.5,183.07000732421875
2024-03-28,36002.953125,80.44861602783203,160.4381103515625,86.11424255371094,90.49855041503906,13682.099609375,1349.800048828125,444.010009765625,46.52999877929688,182.69000244140625
2024-03-29,36121.9375,80.44861602783203,160.4381103515625,86.11424255371094,90.49855041503906,13841.30859375,1349.800048828125,444.010009765625,46.52999877929688,182.69000244140625
2024-04-01,36145.73046875,80.15985107421875,159.96951293945312,85.33507537841797,90.525634765625,14085.099609375,1355.530029296875,444.9500122070313,47.9900016784668,183.11000061035156
2024-04-02,36245.67578125,79.7459716796875,158.9738006591797,85.1526107788086,90.54366302490234,14040.3212890625,1350.72998046875,441.1099853515625,45.880001068115234,181.5
2024-04-03,35698.3671875,79.5630874633789,159.02259826660156,85.25296020507812,90.5526885986328,14204.5068359375,1344.8399658203125,442.1000061035156,46.18999862670898,181.91000366210938
2024-04-04,36207.59765625,78.87005615234375,156.77737426757812,85.54493713378906,90.59781646728516,14284.111328125,1351.3599853515625,435.3399963378906,42.369998931884766,179.1199951171875
2024-04-05,35836.3828125,79.25507354736328,158.67117309570312,84.97925567626953,90.60684967041016,14174.654296875,1351.3599853515625,440.4700012207031,43.619998931884766,181.24000549316406
2024-04-08,35988.67578125,79.20694732666016,158.57354736328125,84.78765106201172,90.62490844726562,14532.876953125,1354.219970703125,440.6000061035156,44.0,181.30999755859375
2024-04-09,35765.0,79.2261962890625,158.59310913085938,85.12522888183594,90.6339340209961,14582.6298828125,1348.5400390625,442.2300109863281,45.38999938964844,181.9499969482422
2024-04-10,35765.0,78.4561767578125,157.05072021484375,83.99388122558594,90.65200805664062,14582.6298828125,1363.760009765625,438.3699951171875,43.09000015258789,180.3800048828125
2024-04-11,35750.71875,78.29252624511719,158.44667053222656,83.87527465820312,90.6880874633789,14522.9267578125,1367.8399658203125,445.3699951171875,45.79999923706055,183.2899932861328
2024-04-12,35403.296875,77.44551086425781,156.3380584716797,84.22199249267578,90.69709777832033,14836.37109375,1367.8399658203125,438.2699890136719,41.5099983215332,180.3300018310547
2024-04-15,35246.25,76.9834976196289,154.40518188476562,83.68365478515625,90.71514129638672,14667.2099609375,1387.6700439453125,431.05999755859375,39.77999877929688,177.36000061035156
2024-04-16,34432.4375,76.92574310302734,154.5515899658203,83.35521697998047,90.71514129638672,14801.5439453125,1387.3399658203125,431.1000061035156,40.540000915527344,177.3699951171875
2024-04-17,34056.4609375,76.92574310302734,153.468017578125,83.88438415527344,90.74225616455078,14781.642578125,1379.5400390625,425.8399963378906,37.060001373291016,175.22999572753906
2024-04-18,34651.359375,77.00273895263672,153.13613891601562,83.59241485595703,90.7693099975586,14781.642578125,1379.4000244140625,423.4100036621094,34.90999984741211,174.25999450683594
2024-04-19,33999.35546875,77.4840316772461,150.88113403320312,83.70191955566406,90.79640197753906,14806.5185546875,1379.4000244140625,414.6499938964844,30.790000915527344,170.6300048828125
2024-04-22,34456.234375,77.84016418457031,152.16970825195312,83.7110595703125,90.805419921875,14687.111328125,1378.8399658203125,418.8200073242188,32.06999969482422,172.35000610351562
2024-04-23,34418.16015625,78.12891387939453,153.91709899902344,83.8205337524414,90.8144760131836,14299.037109375,1370.47998046875,425.0700073242188,34.11000061035156,174.89999389648438
2024-04-24,35051.125,78.30216217041016,153.8096923828125,83.56505584716797,90.82347869873048,14453.2724609375,1376.969970703125,426.510009765625,35.4900016784668,175.49000549316406
2024-04-25,34446.7109375,78.17703247070312,153.34115600585938,83.24571990966797,90.86862182617188,14398.5439453125,1371.699951171875,424.4500122070313,37.40999984741211,174.64999389648438
2024-04-26,34841.72265625,77.89791107177734,155.26425170898438,83.47379302978516,90.8866729736328,14532.876953125,1371.699951171875,431.0,39.79999923706055,177.35000610351562
2024-04-29,35183.73828125,78.23478698730469,155.18612670898438,83.81141662597656,90.8866729736328,14473.1728515625,1374.6400146484375,432.75,40.61000061035156,178.05999755859375
2024-04-30,35308.9765625,77.43588256835938,153.2239990234375,83.4190902709961,90.89569091796876,14408.494140625,1385.4599609375,424.5899963378906,38.18000030517578,174.67999267578125
2024-05-01,35308.9765625,77.33000183105469,152.4723358154297,83.74944305419922,90.93013763427734,14408.494140625,1375.0,421.5199890136719,34.369998931884766,173.4499969482422
2024-05-02,35178.921875,77.61876678466797,153.62423706054688,84.14291381835938,90.9664077758789,14378.642578125,1364.6400146484375,426.8999938964844,36.45000076293945,175.64999389648438
2024-05-03,35150.01171875,78.07115936279297,155.4009246826172,84.609619140625,90.98452758789062,14294.0625,1364.6400146484375,435.4800109863281,38.970001220703125,179.1999969482422
2024-05-06,35150.01171875,78.54280090332031,157.49972534179688,84.68281555175781,90.99358367919922,14294.0625,1352.1700439453125,440.25,41.29999923706055,181.19000244140625
2024-05-07,35964.1015625,79.04331970214844,158.00738525390625,84.90242767333984,90.99358367919922,14398.5439453125,1357.72998046875,440.3200073242188,40.36000061035156,181.19000244140625
2024-05-08,36089.3359375,79.06256866455078,158.00738525390625,84.6645278930664,91.02079010009766,14363.716796875,1361.93994140625,440.05999755859375,40.40999984741211,181.0800018310547
2024-05-09,35684.7109375,79.52458953857422,158.52474975585938,84.92076110839844,91.04796600341795,14348.7900390625,1365.4000244140625,441.0199890136719,39.959999084472656,181.47999572753906
2024-05-10,35867.7578125,79.80372619628906,159.0616455078125,84.64622497558594,91.07518005371094,14632.3828125,1365.4000244140625,442.05999755859375,41.02999877929688,181.89999389648438
2024-05-13,35800.31640625,79.80372619628906,158.96405029296875,84.74687957763672,91.08422088623048,14592.5810546875,1363.7900390625,443.0799865722656,41.27000045776367,182.33999633789062
2024-05-14,35872.578125,79.88072967529297,159.66688537597656,84.99393463134766,91.08422088623048,14512.9755859375,1362.550048828125,445.9299926757813,43.209999084472656,183.5
2024-05-15,35872.578125,80.41974639892578,162.2538299560547,85.63452911376953,91.10234832763672,14512.9755859375,1353.5999755859375,452.8999938964844,47.0,186.35000610351562
2024-05-16,36214.58984375,80.73737335205078,161.62905883789062,85.46978759765625,91.14768981933594,14796.568359375,1346.0400390625,451.9800109863281,46.2599983215332,185.99000549316406
2024-05-17,35790.6875,80.9202651977539,161.59976196289062,85.20442962646484,91.15675354003906,14781.642578125,1346.0400390625,451.760009765625,45.400001525878906,185.91000366210938
2024-05-20,36089.3359375,80.79513549804688,162.14645385742188,85.07632446289062,91.16582489013672,15134.8896484375,1360.1600341796875,454.9100036621094,48.25,187.1999969482422
2024-05-21,35901.4765625,80.74700164794922,162.29286193847656,85.29592895507812,91.1839599609375,14965.728515625,1363.4200439453125,455.7999877929688,47.97999954223633,187.57000732421875
2024-05-22,35901.4765625,80.6988754272461,161.79502868652344,85.18611907958984,91.1930160522461,14960.75390625,1365.81005859375,455.7099914550781,49.380001068115234,187.52000427246094
2024-05-23,35901.4765625,79.77484130859375,161.404541015625,84.88414764404297,91.25647735595705,14652.2841796875,1367.6199951171875,453.6600036621094,48.810001373291016,186.6999969482422
2024-05-24,35342.69921875,79.90959930419922,162.5564422607422,84.99393463134766,91.26553344726562,14463.22265625,1367.6199951171875,457.9500122070313,51.43999862670898,188.47999572753906
2024-05-27,35834.0390625,79.90959930419922,162.5564422607422,84.99393463134766,91.26553344726562,14517.951171875,1360.9300537109375,457.9500122070313,51.43999862670898,188.47999572753906
2024-05-28,35872.578125,79.14921569824219,162.95669555664062,84.51810455322266,91.27462005615234,14503.025390625,1362.760009765625,459.6799926757813,54.040000915527344,189.17999267578125
2024-05-29,35347.51953125,78.47542572021484,161.65830993652344,84.10631561279297,91.27462005615234,14572.6796875,1370.550048828125,456.4400024414063,50.97999954223633,187.8800048828125
2024-05-30,34706.84765625,78.61018371582031,160.76998901367188,84.52728271484375,91.29273986816406,14408.494140625,1375.6199951171875,451.5499877929688,50.0,185.85000610351562
2024-05-31,34692.39453125,79.6978530883789,161.79502868652344,84.92076110839844,91.3290023803711,14493.07421875,1375.6199951171875,450.7099914550781,48.59000015258789,185.8699951171875
2024-06-03,35318.6171875,79.486083984375,161.94143676757812,85.4769515991211,91.34720611572266,14323.9140625,1370.7900390625,453.1300048828125,48.59000015258789,186.49000549316406
2024-06-04,35058.4921875,79.87110137939453,162.33192443847656,85.94502258300781,91.36540985107422,14527.9013671875,1373.719970703125,454.3699951171875,47.59000015258789,186.97000122070312
2024-06-05,35410.13671875,80.06360626220703,164.39166259765625,86.25709533691406,91.38365173339844,14418.4453125,1368.739990234375,463.5299987792969,53.52000045776367,190.72999572753906
2024-06-06,35410.13671875,80.12134552001953,164.3233642578125,86.22041320800781,91.38365173339844,14418.4453125,1365.25,463.3699951171875,52.5099983215332,190.6999969482422
2024-06-07,35877.3984375,79.97698211669922,164.1476287841797,85.31172943115234,91.4200439453125,14672.185546875,1365.25,462.9599914550781,51.869998931884766,190.52999877929688
2024-06-10,35564.28125,80.15985107421875,164.8114776611328,85.12818908691406,91.43828582763672,14159.728515625,1373.9599609375,464.8299865722656,53.95000076293945,191.27999877929688
2024-06-11,35598.00390625,80.09320831298828,165.56956481933594,85.57791137695312,91.45645141601562,14224.408203125,1377.3599853515625,468.0199890136719,54.16999816894531,192.60000610351562
2024-06-12,35911.109375,80.00625610351562,166.68470764160156,86.05519104003906,91.47467803955078,14308.98828125,1370.4100341796875,474.1499938964844,58.720001220703125,195.08999633789062
2024-06-13,36156.7734375,79.99659729003906,167.13470458984375,86.62420654296875,91.4837646484375,14289.0869140625,1373.739990234375,476.7200012207031,60.86000061035156,196.17999267578125
2024-06-14,36277.19921875,80.05457305908203,167.39877319335938,86.8261489868164,91.52928924560548,14269.185546875,1373.739990234375,479.1900024414063,60.09999847412109,197.19000244140625
2024-06-17,36079.70703125,80.68248748779297,168.72914123535156,86.42230224609375,91.53839111328124,14323.9140625,1379.06005859375,485.05999755859375,62.66999816894531,199.61000061035156
2024-06-18,36460.2578125,80.83705139160156,169.41387939453125,86.79862213134766,91.56571197509766,14333.8642578125,1378.6099853515625,485.2099914550781,65.23999786376953,199.6699981689453
2024-06-19,37004.58203125,80.83705139160156,169.41387939453125,86.79862213134766,91.56571197509766,14383.6171875,1381.1500244140625,485.2099914550781,65.23999786376953,199.6699981689453
2024-06-20,37149.09375,81.28141021728516,168.66065979003906,86.5783462524414,91.5748291015625,14473.1728515625,1391.8199462890625,481.4700012207031,60.02000045776367,198.1199951171875
2024-06-21,36831.1640625,81.2717514038086,168.29872131347656,86.59669494628906,91.61125183105467,14577.654296875,1391.8199462890625,480.1799926757813,58.20000076293945,197.5399932861328
2024-06-24,36551.7734375,81.75475311279297,167.69223022460938,86.67012023925781,91.62034606933594,14348.7900390625,1386.1099853515625,473.9599914550781,53.220001220703125,195.0500030517578
2024-06-25,36657.75390625,81.35869598388672,168.45526123046875,86.74352264404297,91.6385498046875,14353.765625,1390.8900146484375,479.3800048828125,55.29999923706055,197.27000427246094
2024-06-26,36961.22265625,81.02059173583984,168.0933074951172,86.22041320800781,91.64766693115234,14274.1611328125,1393.3800048828125,480.3699951171875,54.77999877929688,197.6999969482422
2024-06-27,36917.875,81.19446563720703,167.99549865722656,86.41311645507812,91.65677642822266,14194.5556640625,1386.949951171875,481.6099853515625,53.79999923706055,198.19000244140625
2024-06-28,37134.640625,81.10752868652344,167.03684997558594,85.95421600341797,91.69319152832033,14353.765625,1386.949951171875,479.1099853515625,55.36000061035156,197.11000061035156
2024-07-01,37206.8984375,80.91432189941406,166.7140655517578,85.31437683105469,91.72884368896484,14348.7900390625,1383.4200439453125,481.9200134277344,55.36000061035156,198.3300018310547
2024-07-02,36941.9609375,81.16547393798828,167.7216033935547,85.63658905029297,91.73798370361328,14358.7412109375,1383.4200439453125,486.9800109863281,57.59999847412109,200.39999389648438
2024-07-03,37096.10546875,81.02059173583984,168.45526123046875,86.20738983154297,91.76543426513672,14393.568359375,1385.77001953125,491.0400085449219,60.38999938964844,202.05999755859375
2024-07-04,37592.26171875,81.02059173583984,168.45526123046875,86.20738983154297,91.76543426513672,14512.9755859375,1380.25,491.0400085449219,60.38999938964844,202.05999755859375
2024-07-05,38285.91796875,81.26210021972656,169.62908935546875,86.68612670898438,91.802001953125,14567.7041015625,1380.25,496.1600036621094,60.810001373291016,204.19000244140625
2024-07-08,38160.671875,81.32005310058594,169.4530029296875,86.71372985839844,91.82030487060548,14677.1611328125,1382.75,497.3399963378906,64.30999755859375,204.6999969482422
2024-07-09,38295.5546875,81.15581512451172,169.5116729736328,86.59403228759766,91.82030487060548,14577.654296875,1382.4200439453125,497.7699890136719,64.25,204.85000610351562
2024-07-10,38281.09375,81.79339599609375,170.85183715820312,86.67689514160156,91.83859252929688,14607.5068359375,1382.989990234375,502.9599914550781,68.58999633789062,207.0
2024-07-11,38517.1328125,82.13150787353516,169.27691650390625,87.22927856445312,91.85684967041016,14662.2353515625,1371.27001953125,491.9299926757813,61.9900016784668,202.44000244140625
2024-07-12,37987.2578125,82.74977111816406,170.51925659179688,87.41339874267578,91.90259552001952,14811.494140625,1371.27001953125,494.8200073242188,63.93999862670898,203.6699981689453
2024-07-15,38228.109375,82.8656997680664,171.1648406982422,87.13722229003906,91.90259552001952,14801.5439453125,1383.68994140625,496.1499938964844,64.13999938964844,204.1999969482422
2024-07-16,38252.1953125,83.67716217041016,172.24087524414062,87.52388000488281,91.92088317871094,14960.75390625,1382.6400146484375,496.3399963378906,65.30000305175781,204.25999450683594
2024-07-17,37934.2734375,83.84138488769531,169.4432373046875,87.59754180908203,91.9300308227539,15154.791015625,1378.6500244140625,481.7699890136719,51.54999923706055,198.3000030517578
2024-07-18,37654.8828125,83.377685546875,168.31829833984375,87.34894561767578,91.94830322265624,15209.5185546875,1385.239990234375,479.489990234375,51.65999984741211,197.3000030517578
2024-07-19,37211.7109375,82.74011993408203,167.05641174316406,87.0727767944336,91.98487854003906,14881.1484375,1385.239990234375,475.239990234375,47.0,195.55999755859375
2024-07-22,36840.80078125,83.11686706542969,169.31605529785156,86.98992919921875,92.00318145751952,14781.642578125,1387.0999755859375,482.3200073242188,52.93000030517578,198.49000549316406
2024-07-23,36946.77734375,82.71112823486328,168.72914123535156,87.05435943603516,92.01232147216795,14697.0625,1384.5699462890625,480.6199951171875,50.52999877929688,197.77999877929688
2024-07-24,36730.01171875,82.41165924072266,164.79678344726562,86.86104583740234,92.02149200439452,14861.2470703125,1382.6500244140625,463.3800048828125,42.900001525878906,190.72000122070312
2024-07-25,36060.43359375,82.54690551757812,163.55447387695312,87.05435943603516,92.03976440429688,14592.5810546875,1381.4300537109375,458.2699890136719,39.77999877929688,188.5500030517578
2024-07-26,36253.12890625,83.4453125,165.66738891601562,87.46864318847656,92.06717681884766,14547.802734375,1381.4300537109375,462.9700012207031,41.91999816894531,190.5500030517578
2024-07-29,36686.65234375,83.55155944824219,165.64781188964844,87.61592864990234,92.09463500976562,14707.0126953125,1381.3599853515625,463.8999938964844,41.810001373291016,190.91000366210938
2024-07-30,36343.29296875,83.82205963134766,164.97286987304688,87.80006408691406,92.09463500976562,14682.1357421875,1383.5,457.5299987792969,37.2400016784668,188.2899932861328
2024-07-31,36875.26171875,84.0828857421875,168.03460693359375,88.44450378417969,92.10379028320312,14891.099609375,1367.9200439453125,471.0700073242188,44.38999938964844,193.75999450683594
2024-08-01,36904.28125,84.13118743896484,166.156494140625,88.82217407226562,92.13408660888672,15020.45703125,1368.969970703125,459.6600036621094,35.0,189.19000244140625
2024-08-02,35419.59765625,83.93798828125,163.86752319335938,90.19806671142578,92.18000793457033,15144.83984375,1368.969970703125,448.75,29.34000015258789,184.6699981689453
2024-08-05,32169.736328125,82.06388854980469,159.09388732910156,90.29039001464844,92.189208984375,14891.099609375,1367.4000244140625,435.3699951171875,27.88999938964844,179.36000061035156
2024-08-06,33059.578125,82.59521484375,160.8057403564453,89.4870376586914,92.20755767822266,14766.716796875,1370.31005859375,439.5299987792969,28.57999992370605,180.9199981689453
2024-08-07,33814.01171875,82.57588958740234,159.48519897460938,89.16383361816406,92.20755767822266,14697.0625,1375.3299560546875,434.7699890136719,26.21999931335449,178.94000244140625
2024-08-08,33562.52734375,83.65784454345703,163.59361267089844,88.89605712890625,92.2351531982422,14697.0625,1373.760009765625,448.0700073242188,31.459999084472656,184.3699951171875
2024-08-09,34021.96875,83.87036895751953,164.5913543701172,89.25617218017578,92.2626953125,14831.3955078125,1373.760009765625,450.4100036621094,31.01000022888184,185.33999633789062
2024-08-12,34413.69140625,83.75444030761719,164.86524963378906,89.5054931640625,92.28104400634766,14925.9267578125,1369.5400390625,451.3800048828125,31.40999984741211,185.80999755859375
2024-08-13,34529.74609375,84.4499740600586,167.320556640625,89.9025650024414,92.29942321777344,15100.0625,1362.1700439453125,462.5799865722656,35.279998779296875,190.3800048828125
2024-08-14,34853.76953125,84.990966796875,167.7313995361328,90.02259063720703,92.31780242919922,15114.98828125,1355.7099609375,462.7300109863281,35.04999923706055,190.4499969482422
2024-08-15,34853.76953125,85.58988952636719,170.72463989257812,89.45934295654297,92.32698059082033,15114.98828125,1363.510009765625,474.4200134277344,39.91999816894531,195.27000427246094
2024-08-16,35680.75,85.87003326416016,170.82247924804688,89.634765625,92.3637237548828,15055.2841796875,1363.510009765625,475.0299987792969,39.72999954223633,195.5
2024-08-19,35366.3984375,86.4110107421875,172.0745849609375,89.75482177734375,92.37291717529295,15343.8525390625,1330.8800048828125,481.2699890136719,41.59999847412109,198.07000732421875
2024-08-20,35719.4296875,86.47862243652344,172.0354461669922,90.11493682861328,92.38211822509766,15343.8525390625,1327.5799560546875,480.260009765625,40.09000015258789,197.63999938964844
2024-08-21,35671.078125,86.9036865234375,173.27774047851562,90.29963684082033,92.4096450805664,15433.408203125,1333.6600341796875,482.5,41.72999954223633,198.60000610351562
2024-08-22,35724.2734375,86.691162109375,171.93763732910156,89.88409423828125,92.4096450805664,15363.75390625,1339.5400390625,474.8500061035156,37.5099983215332,195.42999267578125
2024-08-23,35700.09375,87.18383026123047,173.51251220703125,90.29963684082033,92.44639587402344,15269.22265625,1339.5400390625,480.0,40.400001525878906,197.52999877929688
2024-08-26,35511.484375,87.25144958496094,173.2581787109375,90.18882751464844,92.46476745605467,15383.654296875,1326.6400146484375,475.3399963378906,37.369998931884766,195.6300048828125
2024-08-27,35511.484375,87.42533874511719,173.8842315673828,90.15186309814452,92.4739761352539,15383.654296875,1326.3599853515625,476.760009765625,38.4900016784668,196.24000549316406
2024-08-28,35395.4140625,87.31907653808594,172.5538787841797,90.105712890625,92.48314666748048,15353.802734375,1336.68994140625,471.3500061035156,36.59999847412109,194.02999877929688
2024-08-29,34926.31640625,87.60888671875,172.57345581054688,89.94873809814453,92.49232482910156,15423.45703125,1332.8800048828125,470.6600036621094,36.18999862670898,193.7100067138672
2024-08-30,35110.0859375,88.21748352050781,173.90377807617188,89.634765625,92.53826904296876,15413.5068359375,1332.8800048828125,476.2699890136719,38.790000915527344,196.0800018310547
2024-09-02,35071.3984375,88.21748352050781,173.90377807617188,89.634765625,92.53826904296876,15294.099609375,1337.550048828125,476.2699890136719,38.790000915527344,196.0800018310547
2024-09-03,34776.390625,87.72480773925781,170.1573028564453,90.22566223144533,92.57886505126952,15279.1728515625,1340.4100341796875,461.80999755859375,30.06999969482422,190.0800018310547
2024-09-04,33567.37109375,87.78277587890625,169.93234252929688,90.75358581542967,92.58809661865234,15229.419921875,1331.010009765625,460.6099853515625,30.299999237060547,189.5500030517578
2024-09-05,33514.17578125,87.14519500732422,168.9443359375,90.9665756225586,92.61575317382812,15318.9755859375,1332.7900390625,461.0400085449219,29.75,189.77999877929688
2024-09-06,33214.3359375,86.28543090820312,166.93905639648438,91.09622955322266,92.65267181396484,15403.5556640625,1332.7900390625,448.6900024414063,25.959999084472656,184.6999969482422
2024-09-09,32991.875,87.05824279785156,168.797607421875,91.22589874267578,92.66190338134766,15194.5927734375,1341.27001953125,454.4599914550781,27.43000030517578,187.0399932861328
2024-09-10,32851.62890625,87.26112365722656,169.2182159423828,91.6148681640625,92.68036651611328,15304.0498046875,1343.3399658203125,458.6600036621094,28.350000381469727,188.72999572753906
2024-09-11,32542.1171875,87.17416381835938,170.97897338867188,91.5500717163086,92.68036651611328,15433.408203125,1339.1800537109375,468.6199951171875,32.220001220703125,192.8000030517578
2024-09-12,33286.87890625,87.6861572265625,172.2213134765625,91.4018783569336,92.6895751953125,15398.5810546875,1335.68994140625,473.2200012207031,31.809999465942383,194.77000427246094
2024-09-13,33359.4140625,88.2367935180664,172.96475219726562,91.57784271240234,92.74494171142578,15672.22265625,1335.68994140625,475.3399963378906,33.43000030517578,195.6300048828125
2024-09-16,33359.4140625,88.70048522949219,173.2973175048828,91.81865692138672,92.7633819580078,15672.22265625,1319.1099853515625,473.239990234375,32.15999984741211,194.7899932861328
2024-09-17,33359.4140625,88.1884994506836,173.27774047851562,91.65193939208984,92.7633819580078,15672.22265625,1322.9300537109375,473.489990234375,32.15999984741211,194.89999389648438
2024-09-18,33359.4140625,87.75377655029297,172.52452087402344,91.2536849975586,92.79106903076172,15672.22265625,1322.260009765625,471.4400024414063,31.13999938964844,194.02999877929688
2024-09-19,33301.3828125,88.1788330078125,175.07765197753906,91.17958068847656,92.80950927734376,15717.0,1327.6099853515625,483.3599853515625,35.119998931884766,198.94000244140625
2024-09-20,33383.60546875,88.1884994506836,174.51026916503906,91.15179443359376,92.846435546875,15856.30859375,1327.6099853515625,482.4400024414063,33.54999923706055,198.58999633789062
2024-09-23,33485.15625,88.54592895507812,175.12655639648438,91.09622955322266,92.87411499023438,16025.4697265625,1333.6199951171875,483.0400085449219,33.91999816894531,198.8000030517578
2024-09-24,33886.5546875,88.36238861083984,175.1852264404297,91.19813537597656,92.88333129882812,16040.3955078125,1324.8900146484375,485.3699951171875,35.06999969482422,199.74000549316406
2024-09-25,33388.43359375,88.00141143798828,174.9232635498047,90.8276596069336,92.88333129882812,16204.5810546875,1335.050048828125,485.8200073242188,35.7400016784668,199.97999572753906
2024-09-26,34510.4140625,88.26339721679688,175.71798706054688,90.7628402709961,92.8925552368164,16229.45703125,1313.300048828125,489.4700012207031,39.650001525878906,201.44000244140625
2024-09-27,34370.15625,88.3701400756836,175.3255615234375,91.1240463256836,92.92947387695312,16259.30859375,1313.300048828125,486.75,37.65999984741211,200.32000732421875
2024-09-30,33581.87890625,88.60301971435547,175.92408752441406,90.87396240234376,92.92947387695312,16209.5556640625,1315.3299560546875,488.0700073242188,36.68000030517578,200.85000610351562
2024-10-01,33581.87890625,88.44776916503906,174.78590393066406,91.20464324951172,92.9665298461914,16209.5556640625,1324.8399658203125,481.2699890136719,33.83000183105469,198.05999755859375
2024-10-02,33228.84375,88.28280639648438,175.08023071289062,90.94458770751952,92.9665298461914,16144.876953125,1324.030029296875,481.9500122070313,34.959999084472656,198.36000061035156
2024-10-03,33228.84375,87.98200225830078,175.00177001953125,90.48014831542967,92.9757843017578,16144.876953125,1334.4100341796875,481.5899963378906,35.209999084472656,198.1999969482422
2024-10-04,33214.3359375,88.39926147460938,175.8357391357422,89.60700225830078,93.01285552978516,16234.4326171875,1334.4100341796875,487.3200073242188,36.68000030517578,200.55999755859375
2024-10-07,33741.46875,87.43861389160156,174.24624633789062,89.28190612792969,93.02214050292967,16085.1728515625,1342.3699951171875,482.1000061035156,36.40999984741211,198.41000366210938
2024-10-08,33485.15625,88.14696502685547,176.00253295898438,89.35621643066406,93.0313949584961,16090.1484375,1341.31005859375,489.2999877929688,37.459999084472656,201.3800048828125
2024-10-09,33485.15625,88.91354370117188,177.15052795410156,89.02180480957031,93.0499267578125,16090.1484375,1343.02001953125,493.1499938964844,38.61000061035156,202.97000122070312
2024-10-10,33548.01953125,88.64183807373047,176.86598205566406,89.01253509521484,93.06847381591795,15935.9140625,1349.739990234375,492.5899963378906,37.83000183105469,202.77000427246094
2024-10-11,33591.546875,89.28227233886719,178.01393127441406,89.04041290283203,93.1055145263672,16095.1240234375,1349.739990234375,493.3599853515625,38.66999816894531,203.02999877929688
2024-10-14,33988.11328125,89.87419128417969,179.7407989501953,88.88248443603516,93.1055145263672,16219.5068359375,1357.27001953125,497.5,40.81999969482422,204.75
2024-10-15,34109.01171875,89.50544738769531,177.53317260742188,89.337646484375,93.12405395507812,16105.07421875,1363.1800537109375,490.8500061035156,34.470001220703125,202.02000427246094
2024-10-16,33799.50390625,89.95182037353516,178.48492431640625,89.47697448730469,93.14259338378906,16289.1611328125,1364.199951171875,490.9100036621094,34.459999084472656,202.02000427246094
2024-10-17,33876.8828125,90.09737396240234,178.1905517578125,89.01253509521484,93.14259338378906,16333.9384765625,1370.050048828125,491.25,35.209999084472656,202.1999969482422
2024-10-18,33678.59765625,90.11677551269533,178.9853057861328,89.11471557617188,93.1796646118164,16458.322265625,1370.050048828125,494.4700012207031,35.27000045776367,203.52000427246094
2024-10-21,33775.32421875,89.70923614501953,178.54379272460938,88.42735290527344,93.1981964111328,16602.60546875,1376.5,495.4200134277344,35.09000015258789,203.88999938964844
2024-10-22,33282.0390625,89.35990142822266,177.96490478515625,88.34375762939453,93.20742797851562,16647.3828125,1376.6300048828125,495.9599914550781,34.689998626708984,204.11000061035156
2024-10-23,33712.45703125,89.175537109375,176.4636993408203,88.139404296875,93.20742797851562,16741.9140625,1377.3399658203125,488.3599853515625,33.79999923706055,201.02000427246094
2024-10-24,33431.95703125,88.85531616210938,176.33616638183594,88.33446502685547,93.23526000976562,16627.482421875,1376.3199462890625,492.3200073242188,34.290000915527344,202.6199951171875
2024-10-25,33456.140625,88.30221557617188,176.37539672851562,88.139404296875,93.2723159790039,16592.654296875,1376.3199462890625,495.3200073242188,35.279998779296875,203.85000610351562
2024-10-28,33760.81640625,88.44776916503906,176.69918823242188,87.93505859375,93.2723159790039,16677.234375,1387.6600341796875,495.3999938964844,35.349998474121094,203.91000366210938
2024-10-29,33847.8671875,88.36044311523438,177.15052795410156,87.97221374511719,93.29084014892578,16741.9140625,1381.969970703125,500.1600036621094,37.97999954223633,205.80999755859375
2024-10-30,33847.8671875,87.95288848876953,176.238037109375,87.84217834472656,93.29084014892578,16741.9140625,1383.1800537109375,496.3800048828125,34.0099983215332,204.30999755859375
2024-10-31,33081.13671875,87.32215881347656,173.09828186035156,87.79572296142578,93.30938720703124,16935.951171875,1378.5699462890625,483.8500061035156,30.09000015258789,199.1300048828125
2024-11-01,32848.1953125,87.30274963378906,173.75564575195312,87.27581024169922,93.36053466796876,16717.037109375,1372.9300537109375,487.4299926757813,30.82999992370605,200.60000610351562
2024-11-04,33396.5625,87.27365112304688,173.55941772460938,87.7416763305664,93.3698501586914,16647.3828125,1379.3399658203125,486.010009765625,30.350000381469727,200.02000427246094
2024-11-05,33396.5625,88.04022979736328,175.3255615234375,87.78827667236328,93.38845825195312,16647.3828125,1372.8599853515625,492.2099914550781,31.3799991607666,202.5800018310547
2024-11-06,33129.66015625,89.70923614501953,178.8283233642578,86.88451385498047,93.38845825195312,16597.630859375,1378.0,505.5799865722656,34.119998931884766,208.07000732421875
2024-11-07,33115.09375,89.8838882446289,180.51593017578125,87.5832748413086,93.4070816040039,16129.951171875,1399.800048828125,513.5399780273438,36.209999084472656,211.35000610351562
2024-11-08,33076.28125,90.6989974975586,180.94764709472656,87.7696304321289,93.45361328125,16319.0126953125,1372.0799560546875,514.1400146484375,35.40999984741211,211.6199951171875
2024-11-11,32542.474609375,90.57283782958984,180.78086853027344,87.52740478515625,93.44430541992188,16229.45703125,1397.199951171875,513.8400268554688,32.77000045776367,211.5
2024-11-12,31863.09375,90.37876892089844,180.604248046875,86.9776611328125,93.45361328125,15836.408203125,1400.550048828125,512.9099731445312,31.670000076293945,211.1300048828125
2024-11-13,31047.833984375,90.37876892089844,180.1627197265625,86.92176818847656,93.48150634765624,15816.5068359375,1406.6500244140625,512.25,29.690000534057617,210.8300018310547
2024-11-14,30916.80859375,89.39871215820312,179.1128692626953,86.91242980957031,93.48150634765624,15498.0869140625,1399.0,508.6900024414063,29.600000381469727,209.33999633789062
2024-11-15,31140.03515625,88.44776916503906,176.17913818359375,86.94971466064453,93.5280303955078,15517.98828125,1400.8299560546875,496.5700073242188,26.65999984741211,204.35000610351562
2024-11-18,31863.09375,88.77767181396484,176.5912628173828,87.1453857421875,93.53733825683594,15697.099609375,1394.3499755859375,500.0199890136719,27.670000076293945,205.8000030517578
2024-11-19,31974.708984375,88.66124725341797,177.00332641601562,87.33171081542969,93.54663848876952,15911.037109375,1389.5,503.4599914550781,27.850000381469727,207.2100067138672
2024-11-20,32037.794921875,89.24346923828125,177.48410034179688,87.2012710571289,93.56526184082033,15960.791015625,1392.1600341796875,503.1700134277344,27.1299991607666,207.11000061035156
2024-11-21,32076.6171875,90.20411682128906,178.6517333984375,87.15470123291016,93.56526184082033,16134.9267578125,1397.6199951171875,504.9800109863281,28.489999771118164,207.8800048828125
2024-11-22,32362.923828125,90.68928527832033,179.30909729003906,87.21058654785156,93.5931396484375,16284.185546875,1399.5999755859375,505.7900085449219,28.489999771118164,208.17999267578125
2024-11-25,32741.4453125,91.09683227539062,180.290267944336,88.15164184570312,93.60247039794922,16169.75390625,1403.510009765625,506.5899963378906,29.32999992370605,208.50999450683594
2024-11-26,32639.53125,91.76638793945312,181.0751953125,87.96529388427734,93.62107849121094,15896.111328125,1395.56005859375,509.30999755859375,28.1299991607666,209.6300048828125
2024-11-27,32387.189453125,91.6402359008789,180.78086853027344,88.31935119628906,93.63967895507812,16035.419921875,1395.27001953125,505.2999877929688,26.979999542236328,208.0
2024-11-28,32290.134765625,91.6402359008789,180.78086853027344,88.31935119628906,93.63967895507812,15975.716796875,1388.469970703125,505.2999877929688,26.979999542236328,208.0
2024-11-29,31678.689453125,91.7469711303711,181.8012542724609,88.69204711914062,93.67688751220705,16149.8525390625,1393.300048828125,509.739990234375,28.059999465942383,209.8000030517578
2024-12-02,31736.921875,91.36853790283205,182.478271484375,88.6845703125,93.6937026977539,15906.0625,1399.8599853515625,515.2899780273438,30.200000762939453,212.10000610351562
2024-12-03,32202.783203125,91.0386199951172,182.5175170898437,88.43224334716797,93.70304870605467,16055.3212890625,1401.06005859375,516.8699951171875,29.729999542236328,212.75
2024-12-04,31766.041015625,91.28121185302734,183.33192443847656,88.7686996459961,93.7217254638672,16055.3212890625,1411.6700439453125,523.260009765625,30.8799991607666,215.3699951171875
2024-12-05,31542.8125,91.08714294433594,182.55679321289065,88.75936126708984,93.73106384277344,16065.2724609375,1410.800048828125,521.8099975585938,29.1200008392334,214.8000030517578
2024-12-06,31382.671875,90.75721740722656,182.94924926757807,89.03972625732422,93.77777862548828,16000.5927734375,1399.989990234375,526.47998046875,29.61000061035156,216.72000122070312
2024-12-09,30601.380859375,89.9615249633789,182.07598876953125,88.73130798339844,93.78710174560548,16000.5927734375,1424.219970703125,522.3800048828125,29.229999542236328,215.0399932861328
2024-12-10,31222.533203125,89.66070556640625,181.6638946533203,88.57242584228516,93.8058090209961,16174.728515625,1426.5999755859375,520.5999755859375,27.059999465942383,214.27999877929688
2024-12-11,31547.6640625,89.46663665771484,182.6156463623047,88.31074523925781,93.8058090209961,16413.54296875,1433.949951171875,529.9199829101562,29.1200008392334,218.1300048828125
2024-12-12,31998.970703125,89.21435546875,181.2616271972656,87.97428894042969,93.8151397705078,16523.0,1429.1500244140625,526.5,28.459999084472656,216.72999572753906
2024-12-13,32144.55078125,88.9426498413086,180.49630737304688,87.56307220458984,93.86181640625,16264.2841796875,1427.8599853515625,530.530029296875,30.700000762939453,218.41000366210938
2024-12-16,32028.08984375,88.58361053466797,180.447265625,87.59111022949219,93.87116241455078,16075.22265625,1434.449951171875,538.1699829101562,32.5099983215332,221.50999450683594
2024-12-17,31659.27734375,88.1917495727539,179.7859344482422,87.59111022949219,93.87116241455078,16025.4697265625,1431.3499755859375,535.7999877929688,31.1299991607666,220.5800018310547
2024-12-18,32105.734375,86.32010650634766,175.0917510986328,86.9140853881836,93.89179229736328,16010.5439453125,1436.4200439453125,516.469970703125,27.82999992370605,212.63999938964844
2024-12-19,31377.8203125,86.35910034179688,174.88510131835938,86.52024841308594,93.91053771972656,15766.75390625,1451.5,514.1699829101562,26.299999237060547,211.6199951171875
2024-12-20,30926.513671875,87.18769073486328,176.57772827148438,86.83910369873047,93.92927551269533,15717.0,1437.449951171875,518.6599731445312,27.299999237060547,213.5399932861328
2024-12-23,31445.7578125,87.158447265625,177.9161376953125,86.4546127319336,93.94803619384766,15891.1357421875,1445.4200439453125,522.8699951171875,29.59000015258789,215.27999877929688
2024-12-24,31470.021484375,87.80181884765625,179.24468994140625,86.50151824951172,93.97615051269533,15826.45703125,1442.699951171875,529.9600219726562,30.479999542236328,218.2100067138672
2024-12-25,31470.021484375,87.80181884765625,179.24468994140625,86.50151824951172,93.97615051269533,15826.45703125,1453.4200439453125,529.9600219726562,30.479999542236328,218.2100067138672
2024-12-26,31285.6171875,87.84081268310547,179.35292053222656,86.567138671875,93.98554229736328,15886.1611328125,1457.6099853515625,529.5999755859375,30.56999969482422,218.0399932861328
2024-12-27,31198.26953125,87.41189575195312,177.65042114257812,86.34207916259766,94.0136489868164,15935.9140625,1466.989990234375,522.5599975585938,29.690000534057617,215.14999389648438
2024-12-30,31115.771484375,86.48580932617188,175.7412872314453,86.84845733642578,94.0136489868164,15836.408203125,1472.800048828125,515.6099853515625,27.940000534057617,212.25999450683594
2024-12-31,31115.771484375,86.55404663085938,175.24920654296875,86.68903350830078,94.0417709350586,15836.408203125,1467.3900146484375,511.2300109863281,27.309999465942383,210.4499969482422
2025-01-01,31115.771484375,86.55404663085938,175.24920654296875,86.68903350830078,94.0417709350586,15836.408203125,1467.3900146484375,511.2300109863281,27.309999465942383,210.4499969482422
2025-01-02,31047.833984375,86.42733764648438,174.78668212890625,86.73592376708984,94.06050872802734,15920.98828125,1473.52001953125,510.2300109863281,27.670000076293945,210.0500030517578
2025-01-03,31668.986328125,86.85625457763672,176.44985961914062,86.59527587890625,94.08866119384766,16080.1982421875,1471.6500244140625,518.5800170898438,29.81999969482422,213.4600067138672
2025-01-06,32348.37109375,86.37858581542969,177.13870239257812,86.51087188720703,94.08866119384766,15906.0625,1465.530029296875,524.5399780273438,32.4900016784668,215.92999267578125
2025-01-07,32358.0703125,86.22260284423828,175.80030822753906,86.1170425415039,94.10739135742188,15995.6181640625,1459.449951171875,515.1799926757812,31.149999618530277,212.08999633789062
2025-01-08,32668.65234375,86.75875854492188,176.14476013183594,86.26708221435547,94.12615966796876,16050.345703125,1451.8800048828125,515.27001953125,30.18000030517578,212.1699981689453
2025-01-09,32692.91015625,86.75875854492188,176.14476013183594,86.26708221435547,94.12615966796876,16115.025390625,1457.969970703125,515.27001953125,30.18000030517578,212.1699981689453
2025-01-10,32644.388671875,85.47201538085938,173.54672241210938,85.63882446289062,94.16363525390624,16264.2841796875,1455.22998046875,507.1900024414063,28.059999465942383,208.85000610351562
2025-01-13,32212.490234375,85.94967651367188,173.84194946289062,85.48880767822266,94.18238067626952,16343.8896484375,1472.25,505.55999755859375,27.850000381469727,208.13999938964844
2025-01-14,32353.22265625,86.40782928466797,173.83209228515625,85.51692199707031,94.19175720214844,16159.802734375,1458.8900146484375,505.0799865722656,28.1200008392334,207.9499969482422
2025-01-15,32304.693359375,86.93423461914062,176.59744262695312,86.4171142578125,94.20113372802734,16229.45703125,1460.43994140625,516.7000122070312,29.940000534057617,212.66000366210938
2025-01-16,32765.701171875,87.45088195800781,176.6171417236328,86.6234130859375,94.20113372802734,16388.66796875,1437.219970703125,513.0800170898438,29.989999771118164,211.22000122070312
2025-01-17,32697.767578125,87.58736419677734,177.8177032470703,86.68903350830078,94.24801635742188,16493.1484375,1453.3199462890625,521.739990234375,32.4900016784668,214.77999877929688
2025-01-20,32644.388671875,87.58736419677734,177.8177032470703,86.68903350830078,94.24801635742188,16557.828125,1457.3800048828125,521.739990234375,32.4900016784668,214.77999877929688
2025-01-21,32673.501953125,88.41595458984375,179.24468994140625,86.979736328125,94.25739288330078,16547.876953125,1435.530029296875,524.7999877929688,33.689998626708984,216.10000610351562
2025-01-22,33047.1640625,88.35746002197266,180.799560546875,86.7546615600586,94.276123046875,16627.482421875,1425.7900390625,531.510009765625,35.150001525878906,218.8300018310547
2025-01-23,32692.91015625,88.65965270996094,181.6754302978516,86.52962493896484,94.2854995727539,16627.482421875,1434.3399658203125,532.6400146484375,34.91999816894531,219.30999755859375
2025-01-24,32887.66015625,88.64990997314453,181.17352294921875,86.70779418945312,94.31362915039062,16756.83984375,1433.9300537109375,529.6300048828125,32.650001525878906,218.0500030517578
2025-01-27,32887.66015625,89.58573913574219,179.64816284179688,87.2704086303711,94.31362915039062,16756.83984375,1427.6300048828125,514.2100219726562,25.059999465942383,211.7100067138672
2025-01-28,32887.66015625,89.33229064941406,180.7897186279297,87.27979278564453,94.34173583984376,16756.83984375,1417.9200439453125,521.8099975585938,25.3700008392334,214.80999755859375
2025-01-29,32887.66015625,89.21529388427734,180.2386169433593,87.17665100097656,94.34173583984376,16756.83984375,1443.260009765625,520.8300170898438,25.68000030517578,214.44000244140625
2025-01-30,32887.66015625,90.0731430053711,181.92144775390625,87.36418914794922,94.3604965209961,16756.83984375,1443.3199462890625,523.0499877929688,27.149999618530277,215.33999633789062
2025-01-31,32566.328125,89.63447570800781,180.4452667236328,87.2235107421875,94.3792495727539,16985.705078125,1441.6600341796875,522.2899780273438,27.020000457763672,214.99000549316406
2025-02-03,31675.365234375,90.04389953613281,179.5596160888672,87.28560638427734,94.40087127685548,16806.59375,1456.780029296875,518.1099853515625,25.61000061035156,213.30999755859375
2025-02-04,32069.728515625,90.01465606689453,180.4059295654297,87.501953125,94.41970825195312,16965.802734375,1459.050048828125,524.469970703125,26.25,215.9499969482422
2025-02-05,32449.478515625,90.76526641845705,181.1931915283203,88.00991821289062,94.41970825195312,17234.46875,1450.1600341796875,526.8499755859375,27.700000762939453,216.89999389648438
2025-02-06,32775.68359375,90.7750244140625,181.4293975830078,87.90643310546875,94.43851470947266,17234.46875,1443.8900146484375,529.5999755859375,27.690000534057617,218.0399932861328
2025-02-07,32561.458984375,90.3753433227539,180.00244140625,87.6148452758789,94.4667510986328,17219.54296875,1442.1500244140625,522.9199829101562,26.32999992370605,215.35000610351562
2025-02-10,32629.619140625,90.7555160522461,181.32115173339844,87.59603118896484,94.48556518554688,17378.75390625,1450.6199951171875,529.25,27.350000381469727,217.86000061035156
2025-02-11,32887.66015625,90.88225555419922,181.48843383789065,87.3702621459961,94.48556518554688,17592.69140625,1453.2099609375,527.989990234375,27.399999618530277,217.39999389648438
2025-02-12,32931.48046875,90.51181030273438,180.927490234375,86.76822662353516,94.4949722290039,17408.60546875,1450.75,528.2999877929688,27.540000915527344,217.5399932861328
2025-02-13,33296.625,91.3306655883789,182.8464813232422,87.41730499267578,94.5137710571289,17557.865234375,1452.1199951171875,535.9000244140625,28.46999931335449,220.61000061035156
2025-02-14,33462.16015625,90.60929107666016,182.1674652099609,87.78416442871094,94.5514144897461,17702.1484375,1438.739990234375,538.1500244140625,28.549999237060547,221.55999755859375
2025-02-17,33705.58984375,90.60929107666016,182.1674652099609,87.78416442871094,94.5514144897461,17338.951171875,1432.5999755859375,538.1500244140625,28.549999237060547,221.55999755859375
2025-02-18,33953.89453125,90.81400299072266,182.62998962402344,87.3138198852539,94.57023620605467,17478.259765625,1441.2900390625,539.3699951171875,29.989999771118164,222.08999633789062
2025-02-19,34645.23828125,91.38914489746094,183.2499847412109,87.45492553710938,94.57023620605467,17622.54296875,1440.0799560546875,539.52001953125,31.46999931335449,222.10000610351562
2025-02-20,34343.3828125,91.36965942382812,182.74806213378903,87.6336669921875,94.58905029296876,17672.296875,1439.97998046875,537.22998046875,31.700000762939453,221.17999267578125
2025-02-21,34382.328125,90.71652221679688,179.69737243652344,88.15103912353516,94.6266860961914,17582.7421875,1431.699951171875,526.0800170898438,28.809999465942383,216.61000061035156
2025-02-24,34168.11328125,91.1649398803711,179.12660217285156,88.33917236328125,94.63609313964844,17642.4453125,1434.2900390625,519.8699951171875,26.76000022888184,214.0399932861328
2025-02-25,33987.96875,91.7108383178711,178.9396209716797,89.03527069091797,94.64550018310548,17622.54296875,1428.6500244140625,513.3200073242188,25.06999969482422,211.3699951171875
2025-02-26,34158.37109375,91.02845764160156,178.65420532226562,89.27986145019531,94.64550018310548,17463.333984375,1429.5,514.5599975585938,26.290000915527344,211.8800048828125
2025-02-27,34022.05859375,90.96021270751952,176.09555053710938,89.17637634277344,94.67371368408205,17368.802734375,1434.4200439453125,500.2699890136719,21.75,206.0500030517578
2025-02-28,32892.52734375,92.1884994506836,178.68374633789062,89.6655044555664,94.69253540039062,17194.66796875,1449.8599853515625,508.1700134277344,22.729999542236328,209.25999450683594
2025-03-03,32892.52734375,92.04227447509766,176.25302124023438,89.99099731445312,94.71424865722656,17194.66796875,1459.800048828125,497.0499877929688,20.51000022888184,204.75
2025-03-04,32809.76171875,90.97972106933594,174.44224548339844,89.70797729492188,94.72370147705078,17314.07421875,1457.9300537109375,495.5499877929688,20.649999618530277,204.02000427246094
2025-03-05,33058.05859375,91.3306655883789,176.30221557617188,89.20797729492188,94.72370147705078,17493.185546875,1452.8499755859375,502.010009765625,21.950000762939453,206.63999938964844
2025-03-06,33384.2578125,90.73603057861328,173.41876220703125,89.16081237792969,94.75200653076172,17503.13671875,1443.030029296875,488.2000122070313,19.229999542236328,201.05999755859375
2025-03-07,33228.46484375,91.4573745727539,174.0190887451172,89.047607421875,94.78031158447266,17423.53125,1446.5,491.7900085449219,20.8799991607666,202.5
2025-03-10,33306.36328125,90.80426788330078,170.1318817138672,89.67023468017578,94.78031158447266,17423.53125,1446.260009765625,472.7300109863281,17.989999771118164,194.8699951171875
2025-03-11,32931.48046875,89.53697967529297,168.0357208251953,89.34949493408203,94.79918670654295,17324.025390625,1457.030029296875,471.6000061035156,17.40999984741211,194.1300048828125
2025-03-12,33452.41796875,88.8448715209961,168.3900146484375,89.0853500366211,94.79918670654295,17453.3828125,1451.02001953125,476.9200134277344,18.299999237060547,196.3800048828125
2025-03-13,33291.7578125,88.65965270996094,165.4868927001953,89.4438247680664,94.8274917602539,17612.59375,1448.75,468.3399963378906,18.09000015258789,192.82000732421875
2025-03-14,33476.765625,89.6734619140625,168.65570068359375,89.13252258300781,94.85580444335938,17891.2109375,1453.22998046875,479.6600036621094,19.799999237060547,197.47999572753906
2025-03-17,34129.16015625,90.90174102783205,170.34840393066406,89.20797729492188,94.86524963378906,17896.185546875,1449.050048828125,482.7699890136719,20.790000915527344,198.75999450683594
2025-03-18,34211.9296875,90.42730712890624,168.623291015625,89.31175994873047,94.87467956542967,18025.54296875,1442.489990234375,474.5400085449219,19.93000030517578,195.47999572753906
2025-03-19,34504.046875,90.83816528320312,170.22116088867188,89.58533477783203,94.89356994628906,18194.705078125,1448.93994140625,480.8900146484375,20.3799991607666,197.99000549316406
2025-03-20,34737.73828125,90.5251235961914,169.5800018310547,89.7174072265625,94.89356994628906,18254.408203125,1443.3900146484375,479.260009765625,19.93000030517578,197.3000030517578
2025-03-21,34903.26953125,90.40773010253906,169.2545623779297,89.64195251464844,94.921875,18139.9765625,1465.8199462890625,480.8399963378906,19.280000686645508,198.00999450683594
2025-03-24,34781.5625,91.01424407958984,172.1839599609375,89.12305450439453,94.94075012207033,18085.248046875,1464.780029296875,490.6600036621094,21.0,201.8800048828125
2025-03-25,34620.8984375,90.82837677001952,172.4502410888672,89.27400970458984,94.95018005371094,18060.37109375,1466.27001953125,493.4599914550781,20.549999237060547,203.1300048828125
2025-03-26,34913.01171875,91.112060546875,170.990478515625,89.06645965576172,94.96904754638672,18080.271484375,1462.0899658203125,484.3800048828125,18.790000915527344,199.4199981689453
2025-03-27,34484.5703125,91.43487548828124,170.70445251464844,88.99099731445312,94.97848510742188,18144.951171875,1465.6800537109375,481.6199951171875,17.760000228881836,198.24000549316406
2025-03-28,33929.54296875,90.72075653076172,167.291748046875,89.70797729492188,95.00680541992188,18478.296875,1461.8900146484375,468.9400024414063,16.030000686645508,193.0800018310547
2025-03-31,32975.29296875,91.62074279785156,168.5542449951172,89.9721450805664,95.00680541992188,18657.408203125,1471.9599609375,468.9200134277344,15.949999809265137,193.02000427246094
2025-04-01,33447.5546875,91.55226135253906,168.9487762451172,90.28823852539062,95.03144073486328,18727.0625,1469.969970703125,472.7000122070313,15.949999809265137,194.60000610351562
2025-04-02,33282.015625,91.73812103271484,169.90550231933594,90.20305633544922,95.04088592529295,18632.53125,1466.0400390625,476.1499938964844,16.260000228881836,196.0
2025-04-03,32868.1875,90.66207885742188,162.36007690429688,91.13053894042967,95.05982208251952,18607.654296875,1450.6800537109375,450.6600036621094,11.40999984741211,185.6300048828125
2025-04-04,32576.0625,85.3013916015625,153.36476135253906,91.3860855102539,95.08827209472656,18478.296875,1450.6800537109375,422.6700134277344,8.729999542236328,174.27999877929688
2025-04-07,30721.11328125,84.33294677734375,152.47702026367188,90.29769897460938,95.09770965576172,17985.7421875,1469.949951171875,423.6900024414063,9.149999618530272,174.50999450683594
2025-04-08,30706.5078125,83.56015014648438,150.33668518066406,89.84341430664062,95.09770965576172,17950.9140625,1486.1300048828125,416.05999755859375,8.25,171.39999389648438
2025-04-09,30195.298828125,87.90347290039062,163.38584899902344,89.55948638916016,95.11663818359376,18045.4453125,1443.949951171875,466.0,12.770000457763672,191.52000427246094
2025-04-10,32055.1171875,86.69047546386719,158.50352478027344,89.00110626220703,95.11663818359376,18597.705078125,1452.0400390625,446.1799926757813,9.630000114440918,183.75
2025-04-11,31957.748046875,88.02085876464844,161.21592712402344,88.49951171875,95.16400909423828,19080.30859375,1452.0400390625,454.3999938964844,10.229999542236328,187.02000427246094
2025-04-14,32162.228515625,89.12626647949219,162.59681701660156,89.2093276977539,95.1734848022461,19249.46875,1419.4200439453125,457.4800109863281,10.470000267028809,188.4199981689453
2025-04-15,32478.693359375,88.87191772460938,162.19239807128906,89.47431945800781,95.18295288085938,19189.765625,1427.02001953125,457.989990234375,10.600000381469728,188.5800018310547
2025-04-16,31972.35546875,87.87413787841797,158.8092803955078,89.86233520507812,95.201904296875,19582.814453125,1414.22998046875,444.1799926757813,9.34000015258789,182.89999389648438
2025-04-17,32288.814453125,88.07955169677734,159.22354125976562,89.6068115234375,95.2397689819336,19806.705078125,1414.22998046875,444.1000061035156,9.199999809265137,182.86000061035156
2025-04-18,32507.904296875,88.07955169677734,159.22354125976562,89.6068115234375,95.2397689819336,19851.482421875,1414.22998046875,444.1000061035156,9.199999809265137,182.86000061035156
2025-04-21,32551.72265625,86.27960968017578,155.7023468017578,89.12415313720703,95.2397689819336,20135.07421875,1421.6400146484375,433.1099853515625,8.710000038146973,178.39999389648438
2025-04-22,32444.61328125,88.06977844238281,159.55889892578125,89.19037628173828,95.2492218017578,20707.234375,1429.219970703125,444.4800109863281,9.18000030517578,183.0
2025-04-23,33028.84765625,88.40237426757812,161.43295288085938,89.2850341796875,95.27765655517578,19727.099609375,1426.449951171875,454.55999755859375,10.289999961853027,187.07000732421875
2025-04-24,32970.421875,88.93061828613281,164.53988647460938,89.76770782470703,95.27765655517578,19702.22265625,1430.06005859375,467.3500061035156,12.0,192.3800048828125
2025-04-25,33277.15234375,88.83279418945312,165.4374237060547,90.10842895507812,95.31552124023438,19562.9140625,1430.06005859375,472.55999755859375,12.34000015258789,194.55999755859375
2025-04-28,33301.4921875,89.1653823852539,165.58538818359375,90.46807098388672,95.31552124023438,19533.0625,1435.8800048828125,472.4100036621094,12.289999961853027,194.50999450683594
2025-04-29,33532.234375,89.85993194580078,166.58157348632812,90.7803726196289,95.3249969482422,19732.07421875,1431.1600341796875,475.5299987792969,11.859999656677246,195.80999755859375
2025-04-30,33463.21484375,90.5251235961914,167.05502319335938,90.9223175048828,95.3534164428711,19627.59375,1423.75,475.4700012207031,12.15999984741211,195.85000610351562
2025-05-01,33463.21484375,89.90884399414062,167.09446716308594,90.5263900756836,95.36767578125,19627.59375,1435.0999755859375,481.6799926757813,12.100000381469728,198.14999389648438
2025-05-02,33492.79296875,90.80880737304688,169.92526245117188,89.918701171875,95.39617156982422,19348.9765625,1435.0999755859375,488.8299865722656,13.289999961853027,201.24000549316406
2025-05-05,33492.79296875,90.73055267333984,169.35317993164062,89.75728607177734,95.40569305419922,19348.9765625,1374.3699951171875,485.9299926757813,13.050000190734863,200.1199951171875
2025-05-06,33492.79296875,90.33926391601562,167.70599365234375,89.98517608642578,95.40569305419922,19348.9765625,1374.77001953125,481.4100036621094,12.640000343322754,198.2100067138672
2025-05-07,33778.765625,90.79903411865234,168.63316345214844,90.22254943847656,95.4151611328125,20140.05078125,1397.2900390625,483.2999877929688,13.279999732971191,199.02000427246094
2025-05-08,33793.5546875,90.38816833496094,169.12632751464844,89.51990509033203,95.44367218017578,19811.6796875,1403.8499755859375,488.2900085449219,13.65999984741211,201.02999877929688
2025-05-09,33788.625,90.1240463256836,168.58384704589844,89.58638000488281,95.47218322753906,19682.322265625,1403.8499755859375,487.9700012207031,14.109999656677246,200.9600067138672
2025-05-12,34266.8828125,90.81858825683594,173.9297332763672,89.01666259765625,95.47218322753906,19423.60546875,1416.030029296875,507.8500061035156,17.1299991607666,209.07000732421875
2025-05-13,34345.76953125,90.15339660644533,174.23550415039062,88.95020294189453,95.4911880493164,19294.248046875,1416.0,515.5900268554688,18.600000381469727,212.27000427246094
2025-05-14,34804.30859375,89.48819732666016,174.30455017089844,88.61787414550781,95.50069427490234,19125.087890625,1407.3299560546875,518.6799926757812,18.84000015258789,213.5399932861328
2025-05-15,34547.91796875,91.05337524414062,175.49803161621094,89.19707489013672,95.50069427490234,18602.6796875,1397.02001953125,519.25,18.46999931335449,213.82000732421875
2025-05-16,34676.11328125,91.92398834228516,176.6914825439453,89.22557830810547,95.5386962890625,19080.30859375,1397.02001953125,521.510009765625,18.38999938964844,214.6999969482422
2025-05-19,34286.6015625,92.3348388671875,177.21426391601562,89.17808532714844,95.5481948852539,19120.111328125,1388.550048828125,522.010009765625,18.059999465942383,214.94000244140625
2025-05-20,34355.63671875,92.1881103515625,176.51394653320312,89.06414794921875,95.5671844482422,19045.482421875,1392.72998046875,520.27001953125,17.969999313354492,214.1999969482422
2025-05-21,34572.57421875,90.97510528564452,173.71275329589844,88.44696807861328,95.5767059326172,19637.54296875,1373.8599853515625,513.0399780273438,17.0,211.2100067138672
2025-05-22,34128.82421875,90.54468536376952,173.41688537597656,88.779296875,95.595703125,19732.07421875,1381.3399658203125,514.0,16.510000228881836,211.6699981689453
2025-05-23,34158.41015625,90.40773010253906,171.631591796875,89.0356674194336,95.62419128417967,19687.296875,1381.3399658203125,509.239990234375,15.729999542236328,209.66000366210938
2025-05-26,34700.765625,90.40773010253906,171.631591796875,89.0356674194336,95.62419128417967,19761.92578125,1368.0999755859375,509.239990234375,15.729999542236328,209.66000366210938
2025-05-27,34809.234375,91.3174819946289,175.1527862548828,89.40597534179688,95.63369750976562,19632.568359375,1374.800048828125,521.219970703125,17.290000915527344,214.61000061035156
2025-05-28,35282.55859375,90.63272094726562,173.9790496826172,89.1590805053711,95.66222381591795,19533.0625,1373.5999755859375,518.9099731445312,17.040000915527344,213.66000366210938
2025-05-29,35982.69140625,90.94576263427734,174.47222900390625,89.5294189453125,95.66222381591795,19344.0,1370.4100341796875,519.9299926757812,17.200000762939453,214.08999633789062
2025-05-30,35637.55859375,91.4739990234375,174.63992309570312,89.7952651977539,95.69071197509766,19433.556640625,1370.4100341796875,519.1099853515625,16.170000076293945,213.75
2025-06-02,35622.765625,91.6305160522461,175.4191131591797,89.49043273925781,95.71741485595705,19732.07421875,1376.0699462890625,523.2100219726562,16.899999618530273,215.42999267578125
2025-06-03,35622.765625,91.64029693603516,176.51394653320312,89.40469360351562,95.72696685791016,19732.07421875,1377.719970703125,527.2999877929688,18.299999237060547,217.11000061035156
2025-06-04,36623.65625,91.24900817871094,177.1748046875,90.06200408935547,95.73648834228516,19821.630859375,1361.0899658203125,528.77001953125,19.09000015258789,217.67999267578125
2025-06-05,37264.6171875,91.08271026611328,176.71121215820312,89.7952651977539,95.7460479736328,19886.30859375,1354.550048828125,524.7899780273438,18.809999465942383,216.02000427246094
2025-06-06,37264.6171875,91.70877838134766,177.93426513671875,89.08079528808594,95.77462005615234,19886.30859375,1354.550048828125,529.9199829101562,19.18000030517578,218.16000366210938
2025-06-09,37910.5078125,91.1022720336914,177.2832794189453,89.24273681640625,95.7841567993164,19592.765625,1353.8499755859375,530.7000122070312,20.57999992370605,218.52000427246094
2025-06-10,38132.3828125,91.22945404052734,178.67401123046875,89.39517211914062,95.79368591308594,19622.6171875,1363.8800048828125,534.2100219726562,21.88999938964844,219.9499969482422
2025-06-11,38581.05859375,91.04358673095705,178.10194396972656,89.7667007446289,95.81277465820312,19687.296875,1365.68994140625,532.4099731445312,21.63999938964844,219.22000122070312
2025-06-12,38650.08203125,91.76746368408205,178.7134552001953,90.15725708007812,95.82229614257812,19911.185546875,1349.7900390625,533.6599731445312,21.690000534057617,219.72000122070312
2025-06-13,38324.66796875,90.98490142822266,175.84323120117188,89.82386779785156,95.86045837402344,20244.53125,1349.7900390625,526.9600219726562,20.040000915527344,216.94000244140625
2025-06-16,39024.80078125,91.02906799316406,177.44259643554688,89.56663513183594,95.86045837402344,20159.951171875,1357.780029296875,534.2899780273438,21.899999618530277,219.99000549316406
2025-06-17,39128.33984375,90.4204330444336,175.74241638183594,90.0048599243164,95.87000274658205,20000.7421875,1380.5,529.0800170898438,21.420000076293945,217.82000732421875
2025-06-18,39458.6875,90.08668518066406,174.54635620117188,90.06200408935547,95.8890609741211,19975.865234375,1370.75,528.989990234375,21.61000061035156,217.8000030517578
2025-06-19,39522.77734375,90.08668518066406,174.54635620117188,90.06200408935547,95.8890609741211,19751.9765625,1374.8900146484375,528.989990234375,21.61000061035156,217.8000030517578
2025-06-20,40074.98828125,90.11613464355467,173.61717224121094,90.11914825439452,95.9272003173828,19712.173828125,1374.8900146484375,526.8300170898438,21.209999084472656,216.83999633789062
2025-06-23,40035.546875,90.9701690673828,175.55459594726562,90.43352508544922,95.9462661743164,19791.77734375,1361.93994140625,531.6500244140625,21.57999992370605,218.8000030517578
2025-06-24,41356.921875,91.44136810302734,177.5414581298828,90.74788665771484,95.95580291748048,19602.716796875,1353.780029296875,539.780029296875,23.950000762939453,222.14999389648438
2025-06-25,41485.109375,90.65604400634766,177.30421447753906,90.7860107421875,95.96533203125,19632.568359375,1357.030029296875,541.1599731445312,24.57999992370605,222.72999572753906
2025-06-26,41110.3984375,90.99961853027344,178.2926788330078,91.10990142822266,95.97486877441406,19667.396484375,1352.760009765625,546.219970703125,25.200000762939453,224.80999755859375
2025-06-27,40858.94140625,91.30393981933594,179.4986572265625,90.87173461914062,96.01302337646484,19428.580078125,1352.760009765625,548.0900268554688,25.11000061035156,225.58999633789062
2025-06-30,41120.26171875,92.1481475830078,180.7144927978516,91.23374938964844,96.01302337646484,19388.77734375,1348.5,551.6400146484375,25.11000061035156,227.10000610351562
2025-07-01,41238.5859375,92.5408172607422,181.31744384765625,91.06459045410156,96.03885650634766,19617.642578125,1355.5899658203125,546.989990234375,24.709999084472656,225.11000061035156
2025-07-02,41080.81640625,91.6671371459961,181.82159423828125,90.87345886230467,96.03885650634766,19662.419921875,1354.75,550.7999877929688,26.049999237060547,226.7100067138672
2025-07-03,41716.84765625,92.4328384399414,182.8397216796875,90.55809020996094,96.08667755126952,19801.728515625,1357.0999755859375,556.219970703125,26.43000030517578,228.9199981689453
2025-07-04,40913.17578125,92.4328384399414,182.8397216796875,90.55809020996094,96.08667755126952,19702.22265625,1357.0999755859375,556.219970703125,26.43000030517578,228.9199981689453
2025-07-07,40977.2734375,92.11870574951172,181.48550415039065,90.27137756347656,96.10581970214844,19513.16015625,1374.6400146484375,552.030029296875,24.96999931335449,227.17999267578125
2025-07-08,41736.56640625,91.8340301513672,181.69308471679688,90.13761138916016,96.1249542236328,19637.54296875,1370.300048828125,552.3400268554688,26.3700008392334,227.35000610351562
2025-07-09,41859.83203125,92.01072692871094,182.81007385253903,90.60586547851562,96.11539459228516,19363.90234375,1373.0,556.25,26.649999618530277,228.97000122070312
2025-07-10,42402.18359375,91.73584747314452,182.8001708984375,90.55809020996094,96.1345443725586,19577.83984375,1372.6400146484375,555.4500122070312,27.3700008392334,228.6300048828125
2025-07-11,42426.83984375,91.03887939453124,181.7425079345703,90.13761138916016,96.17282104492188,19712.173828125,1372.6400146484375,554.2000122070312,27.290000915527344,228.1300048828125
2025-07-14,42821.2734375,91.52970886230467,181.7820281982422,90.09937286376952,96.17282104492188,19826.60546875,1382.010009765625,556.2100219726562,26.5,228.94000244140625
2025-07-15,43102.30859375,90.4891586303711,180.51678466796875,89.74579620361328,96.18238067626952,19801.728515625,1386.449951171875,556.719970703125,27.290000915527344,229.1699981689453
2025-07-16,42698.015625,91.09778594970705,181.26803588867188,89.9942626953125,96.21110534667967,19672.37109375,1384.9200439453125,557.2899780273438,27.030000686645508,229.4199981689453
2025-07-17,42781.83203125,91.32356262207033,182.35536193847656,89.96559143066406,96.2206573486328,19607.69140625,1391.5799560546875,561.7999877929688,27.31999969482422,231.25
2025-07-18,42737.45703125,91.24502563476562,181.9105529785156,90.21404266357422,96.24935150146484,19657.4453125,1391.5799560546875,561.260009765625,27.32999992370605,231.0500030517578
2025-07-21,43082.59375,91.2646713256836,182.29605102539065,90.5294189453125,96.2589340209961,19856.45703125,1381.8199462890625,564.1699829101562,27.5,232.22000122070312
2025-07-22,42490.93359375,92.07945251464844,182.70132446289065,90.78746795654295,96.27806091308594,19975.865234375,1379.780029296875,561.25,26.31999969482422,231.0500030517578
2025-07-23,42643.78125,92.24632263183594,184.10494995117188,90.4625473022461,96.2876205444336,20199.75390625,1373.719970703125,563.8099975585938,25.780000686645508,232.10000610351562
2025-07-24,42599.40625,92.27576446533205,184.006103515625,90.3287353515625,96.29718780517578,19856.45703125,1372.0,565.010009765625,25.6200008392334,232.58999633789062
2025-07-25,42707.875,92.5211944580078,184.73760986328125,90.53898620605467,96.31634521484376,19747.0,1372.0,566.3699951171875,25.600000381469727,233.13999938964844
2025-07-28,42929.74609375,91.70641326904295,184.62887573242188,90.33830261230467,96.34506225585938,19637.54296875,1388.2900390625,568.1400146484375,26.8799991607666,233.88999938964844
2025-07-29,43220.64453125,92.05980682373048,183.8874969482422,90.93080139160156,96.34506225585938,19518.13671875,1388.8599853515625,567.260009765625,27.030000686645508,233.5399932861328
2025-07-30,43592.9140625,91.62787628173828,183.14614868164065,90.61544799804688,96.36418914794922,19533.0625,1392.52001953125,568.02001953125,27.61000061035156,233.8000030517578
2025-07-31,43488.953125,90.91127014160156,181.9994964599609,90.69188690185548,96.3737564086914,19383.802734375,1391.510009765625,565.010009765625,24.979999542236328,232.57000732421875
2025-08-01,41721.67578125,90.64622497558594,180.23013305664065,91.73600769042967,96.40447998046876,19319.123046875,1391.510009765625,553.8800048828125,24.07999992370605,228.02000427246094
2025-08-04,42201.859375,91.65733337402344,183.31417846679688,91.86065673828124,96.42369842529295,19697.248046875,1383.5899658203125,564.0999755859375,25.0,232.22000122070312
2025-08-05,42776.1015625,90.87200164794922,181.7622985839844,91.79352569580078,96.43327331542967,19796.75390625,1386.5799560546875,560.27001953125,24.520000457763672,230.60000610351562
2025-08-06,42751.3515625,91.37265014648438,183.2548828125,91.72640991210938,96.44288635253906,19861.43359375,1384.3900146484375,567.3200073242188,23.989999771118164,233.52000427246094
2025-08-07,43117.67578125,90.89163208007812,181.9994964599609,91.65928649902344,96.44288635253906,19955.962890625,1384.969970703125,569.239990234375,25.0,234.35000610351562
2025-08-08,43013.71875,91.13703918457033,183.51187133789065,91.44835662841795,96.49089813232422,20209.705078125,1384.969970703125,574.5499877929688,25.709999084472656,236.52000427246094
2025-08-11,43023.62109375,90.9407196044922,183.1659393310547,91.47713470458984,96.5005111694336,19821.630859375,1389.7900390625,572.8499755859375,25.61000061035156,235.8300018310547
2025-08-12,42885.01171875,91.12722778320312,185.07369995117188,91.45794677734376,96.5005111694336,19622.6171875,1383.0899658203125,580.0499877929688,28.0,238.77999877929688
2025-08-13,43325.59375,91.8536605834961,186.5267639160156,91.78394317626952,96.5197296142578,19697.248046875,1378.780029296875,580.3400268554688,29.270000457763672,238.91000366210938
2025-08-14,43285.98828125,91.5395278930664,186.4377899169922,91.48672485351562,96.52931213378906,19717.1484375,1387.8699951171875,579.8900146484375,29.420000076293945,238.69500732421875
2025-08-15,43285.98828125,91.80457305908205,185.94357299804688,91.30455017089844,96.55814361572266,19717.1484375,1387.8699951171875,577.3400268554688,27.3700008392334,237.64999389648438
2025-08-18,42632.54296875,91.7554931640625,185.9336853027344,91.21825408935548,96.58692932128906,19647.494140625,1386.9100341796875,577.1099853515625,27.530000686645508,237.57000732421875
2025-08-19,42330.56640625,92.37393951416016,185.3900146484375,91.44835662841795,96.58692932128906,19562.9140625,1391.3399658203125,569.280029296875,26.239999771118164,234.36000061035156
2025-08-20,42078.09765625,92.84513854980467,184.9946136474609,91.58259582519533,96.6061553955078,19478.333984375,1396.9100341796875,565.9000244140625,25.799999237060547,232.97000122070312
2025-08-21,42182.05859375,92.59971618652344,184.4113922119141,91.31415557861328,96.6061553955078,19543.013671875,1399.6099853515625,563.280029296875,25.350000381469727,231.9199981689453
2025-08-22,42533.53515625,92.8058624267578,187.1890563964844,91.8222885131836,96.64454650878906,19503.2109375,1399.6099853515625,571.969970703125,27.450000762939453,235.47000122070312
2025-08-25,43053.32421875,91.96163940429688,186.24012756347656,91.64012145996094,96.66374969482422,19751.9765625,1389.050048828125,570.3200073242188,27.299999237060547,234.77999877929688
2025-08-26,42647.390625,91.95181274414062,186.88259887695312,91.87980651855467,96.66374969482422,19791.77734375,1393.949951171875,572.6099853515625,27.940000534057617,235.75999450683594
2025-08-27,42716.69921875,92.3346710205078,187.1692657470703,92.0523910522461,96.67335510253906,19846.505859375,1392.75,573.489990234375,28.18000030517578,236.10000610351562
2025-08-28,42934.515625,92.3052215576172,187.50537109375,92.26333618164062,96.68296813964844,19960.939453125,1384.4100341796875,577.0800170898438,28.530000686645508,237.5800018310547
2025-08-29,42771.1484375,92.53099822998048,186.7738800048828,92.18663787841795,96.74058532714844,20080.345703125,1384.4100341796875,570.4000244140625,26.040000915527344,234.80999755859375
2025-09-01,42053.34765625,92.53099822998048,186.7738800048828,92.18663787841795,96.74058532714844,20557.9765625,1392.93994140625,570.4000244140625,26.040000915527344,234.80999755859375
2025-09-02,42498.8828125,92.29539489746094,185.4493103027344,91.9115219116211,96.7502212524414,20582.8515625,1394.5699462890625,565.6199951171875,25.25,232.85000610351562
2025-09-03,42711.74609375,92.3346710205078,186.49708557128903,92.22895050048828,96.75984954833984,20831.6171875,1389.6300048828125,570.0700073242188,24.90999984741211,234.6300048828125
2025-09-04,42870.16015625,92.48191833496094,188.1379852294922,92.64257049560548,96.77912139892578,20796.791015625,1392.06005859375,575.22998046875,25.649999618530277,236.7899932861328
2025-09-05,43043.41796875,92.26594543457033,187.040771484375,93.09467315673828,96.7983856201172,20886.345703125,1392.06005859375,576.0599975585938,26.450000762939453,237.14999389648438
2025-09-08,43211.73828125,92.34449005126952,187.525146484375,93.3832550048828,96.82732391357422,21050.53125,1385.719970703125,578.8699951171875,27.07999992370605,238.27999877929688
2025-09-09,43800.83203125,92.51136779785156,187.8117828369141,93.16201782226562,96.82732391357422,21299.296875,1387.25,580.510009765625,27.18000030517578,238.99000549316406
2025-09-10,44721.59375,92.02054595947266,187.3867645263672,93.412109375,96.83694458007812,21329.1484375,1387.199951171875,580.7000122070312,28.600000381469727,239.05999755859375
2025-09-11,45013.66796875,93.16907501220705,189.3637237548828,93.55640411376952,96.85623931884766,21259.494140625,1389.5,584.0800170898438,29.170000076293945,240.4600067138672
2025-09-12,45924.53125,92.41320037841795,188.61245727539065,93.2870635986328,96.8851547241211,21368.951171875,1389.5,586.6599731445312,29.299999237060547,241.5
2025-09-15,46196.8046875,92.12852478027344,189.23521423339844,93.44097900390624,96.8851547241211,21314.22265625,1385.010009765625,591.6799926757812,30.0,243.60000610351562
2025-09-16,46949.26171875,91.74616241455078,189.05584716796875,93.4986801147461,96.90443420410156,21558.013671875,1377.6400146484375,591.1799926757812,30.479999542236328,243.3800048828125
2025-09-17,46375.015625,92.19947052001952,189.55130004882807,93.29668426513672,96.91405487060548,21508.259765625,1378.68994140625,590.0,30.46999931335449,242.88999938964844
2025-09-18,47186.87890625,92.32758331298828,190.274658203125,92.9888687133789,96.9333267211914,21274.419921875,1386.75,595.3200073242188,33.63999938964844,245.1199951171875
2025-09-19,47013.61328125,92.47540283203124,190.9584045410156,92.95038604736328,96.9718780517578,21329.1484375,1386.75,599.3499755859375,33.02000045776367,246.7899932861328
2025-09-22,47474.0,92.5739517211914,192.0186767578125,92.7964859008789,96.9718780517578,21662.494140625,1389.3900146484375,602.2000122070312,34.43000030517578,247.89999389648438
2025-09-23,47855.17578125,92.7710418701172,191.116943359375,93.05622100830078,96.99114227294922,21951.0625,1391.8499755859375,598.2000122070312,34.29999923706055,246.25
2025-09-24,47706.6640625,92.79074096679688,190.4530334472656,92.8061065673828,97.00078582763672,22045.59375,1403.6500244140625,596.0999755859375,34.20000076293945,245.38999938964844
2025-09-25,47721.51953125,92.24874877929688,189.56121826171875,92.60411071777344,97.01042938232422,21871.45703125,1408.9200439453125,593.530029296875,33.849998474121094,244.3300018310547
2025-09-26,46577.98046875,93.16522216796876,190.8494110107422,92.5560073852539,97.03934478759766,21901.30859375,1408.9200439453125,595.969970703125,34.02000045776367,245.3699951171875
2025-09-29,47290.83203125,93.34260559082033,191.6024932861328,92.8253402709961,97.0489730834961,22254.556640625,1399.3299560546875,598.72998046875,34.02000045776367,246.47999572753906
2025-09-30,47162.125,93.75650024414062,192.7321319580078,92.786865234375,97.0489730834961,22568.0,1403.1500244140625,600.3699951171875,34.84000015258789,247.1199951171875
2025-10-01,47657.15625,93.58897399902344,194.05995178222656,93.09947967529295,97.06543731689452,22528.197265625,1401.8199462890625,603.25,36.86000061035156,248.3300018310547
2025-10-02,49077.91796875,93.45101165771484,194.57522583007807,93.19595336914062,97.0750961303711,22592.876953125,1405.6300048828125,605.72998046875,39.08000183105469,249.3300018310547
2025-10-03,49077.91796875,93.76634979248048,194.6842193603516,93.0126495361328,97.11376953125,22592.876953125,1405.6300048828125,603.1799926757812,38.22999954223633,248.32000732421875
2025-10-06,49077.91796875,93.69737243652344,195.0211334228516,92.74248504638672,97.11376953125,22592.876953125,1409.9200439453125,607.7100219726562,41.709999084472656,250.1699981689453
2025-10-07,49077.91796875,93.85504150390624,194.0302276611328,92.97405242919922,97.13311004638672,22592.876953125,1414.5699462890625,604.510009765625,38.83000183105469,248.85000610351562
2025-10-08,49077.91796875,94.04227447509766,194.90223693847656,92.99335479736328,97.14278411865234,22592.876953125,1422.52001953125,611.4400024414062,42.77999877929688,251.7100067138672
2025-10-09,49077.91796875,93.50027465820312,193.99058532714844,92.92579650878906,97.15245819091795,22592.876953125,1421.510009765625,610.7000122070312,42.2400016784668,251.41000366210938
2025-10-10,50325.40625,92.62321472167967,189.2738494873047,93.50472259521484,97.20079803466795,23090.408203125,1421.510009765625,589.5,34.209999084472656,242.6699981689453
2025-10-13,49865.02734375,92.90900421142578,191.1268615722656,93.55297088623048,97.19113159179688,23697.396484375,1426.0699462890625,602.010009765625,39.13999938964844,247.8300018310547
2025-10-14,49360.0859375,93.32289123535156,191.2754821777344,93.79417419433594,97.20079803466795,23946.162109375,1429.4300537109375,598.0,36.630001068115234,246.2100067138672
2025-10-15,50731.33984375,92.8794403076172,191.94932556152344,93.6880340576172,97.22014617919922,24398.9140625,1420.0899658203125,602.219970703125,39.97999954223633,247.8800048828125
2025-10-16,52062.984375,91.97281646728516,190.54220581054688,94.12223052978516,97.22982788085938,24583.0,1415.719970703125,599.989990234375,40.56999969482422,247.0
2025-10-17,52211.5,92.69219970703124,191.7015838623047,93.96785736083984,97.2588348388672,25384.025390625,1415.719970703125,603.9299926757812,40.290000915527344,248.61000061035156
2025-10-20,53166.9140625,93.24406433105467,193.83206176757807,94.0932846069336,97.26851654052734,24592.951171875,1419.739990234375,611.5399780273438,42.2400016784668,251.75999450683594
2025-10-21,53280.7734375,93.35246276855467,194.34732055664065,94.26695251464844,97.287841796875,25170.087890625,1430.739990234375,611.3800048828125,41.5099983215332,251.69000244140625
2025-10-22,53884.71875,93.30318450927734,193.07896423339844,94.2862548828125,97.2975082397461,24125.271484375,1430.4000244140625,605.489990234375,38.38999938964844,249.25999450683594
2025-10-23,53315.4296875,93.05682373046876,194.3076629638672,93.97750854492188,97.30720520019533,23995.9140625,1435.8399658203125,610.5800170898438,41.16999816894531,251.38999938964844
2025-10-24,54706.48046875,93.12579345703124,195.0706787109375,94.06434631347656,97.33618927001952,23806.8515625,1435.8399658203125,617.0999755859375,43.13999938964844,254.02000427246094
2025-10-27,56211.390625,93.54955291748048,197.3695831298828,94.06434631347656,97.34586334228516,23742.173828125,1436.969970703125,628.0900268554688,46.84000015258789,258.5799865722656
2025-10-28,55651.99609375,92.85973358154295,197.320053100586,94.15117645263672,97.35553741455078,22980.951171875,1430.969970703125,632.9199829101562,46.959999084472656,260.57000732421875
2025-10-29,56815.33203125,91.68704223632812,196.5174255371093,93.54332733154295,97.36520385742188,23085.43359375,1425.969970703125,635.77001953125,49.380001068115234,261.7900085449219
2025-10-30,57013.8359375,91.88412475585938,194.91213989257807,93.40824127197266,97.3748779296875,23065.53125,1424.010009765625,626.0499877929688,47.38999938964844,257.7200012207031
2025-10-31,57708.58203125,91.82500457763672,194.5157623291016,93.4468231201172,97.40388488769533,23309.322265625,1424.02001953125,629.0700073242188,47.77999877929688,258.9599914550781
2025-11-03,59480.18359375,91.4012451171875,194.23831176757807,93.40230560302734,97.43106079101562,23359.07421875,1427.1700439453125,632.0800170898438,48.58000183105469,260.2300109863281
2025-11-04,57842.5703125,91.47023010253906,192.751953125,93.51844787597656,97.43106079101562,23115.28515625,1428.969970703125,619.25,42.79999923706055,254.9499969482422
2025-11-05,56239.69140625,91.59833526611328,193.51495361328125,93.0732192993164,97.45045471191406,23055.580078125,1439.81005859375,623.280029296875,46.83000183105469,256.5799865722656
2025-11-06,56547.36328125,90.99720764160156,191.5133209228516,93.54750061035156,97.4601821899414,23165.037109375,1439.739990234375,611.6699829101562,43.0099983215332,251.8300018310547
2025-11-07,55525.09375,91.63775634765624,191.453857421875,93.58621978759766,97.4892807006836,23209.81640625,1447.9000244140625,609.739990234375,41.7400016784668,251.05999755859375
2025-11-10,57222.26171875,92.03194427490234,194.1293334960937,93.46037292480467,97.49899291992188,23662.568359375,1454.0,623.22998046875,44.959999084472656,256.5799865722656
2025-11-11,57758.20703125,92.9287109375,194.7337646484375,93.75074768066406,97.50869750976562,24030.7421875,1456.0899658203125,621.5700073242188,41.810001373291016,255.88999938964844
2025-11-12,58358.6640625,93.18492889404295,195.2193145751953,93.77011108398438,97.51839447021484,23901.3828125,1459.8399658203125,621.0800170898438,43.709999084472656,255.7100067138672
2025-11-13,58626.63671875,92.7414779663086,193.13839721679688,93.49909973144533,97.5280990600586,24483.494140625,1468.02001953125,608.4000244140625,39.220001220703125,250.47999572753906
2025-11-14,56085.85546875,92.83016204833984,192.6132202148437,93.34423828125,97.55720520019533,24249.654296875,1468.7099609375,608.8599853515625,38.86000061035156,250.64999389648438
2025-11-17,57281.8125,92.34728240966795,190.57196044921875,93.45071411132812,97.56692504882812,23563.0625,1446.530029296875,603.6599731445312,36.84000015258789,248.52999877929688
2025-11-18,55381.18359375,92.29802703857422,189.3333282470703,93.6055679321289,97.56692504882812,23289.419921875,1461.68994140625,596.3099975585938,34.349998474121094,245.50999450683594
2025-11-19,54994.109375,91.82500457763672,190.0071258544922,93.5378189086914,97.58634185791016,23737.197265625,1456.550048828125,599.8699951171875,35.959999084472656,246.9499969482422
2025-11-20,56175.1796875,91.28299713134766,187.63885498046875,93.76043701171876,97.60574340820312,23573.013671875,1466.1300048828125,585.6699829101562,30.809999465942383,241.11000061035156
2025-11-21,53818.00390625,92.33743286132812,190.2350311279297,94.07015991210938,97.62516021728516,23388.92578125,1473.25,590.0700073242188,31.729999542236328,242.9199981689453
2025-11-24,53803.1171875,92.24874877929688,191.91958618164065,94.21534729003906,97.63485717773438,23518.28515625,1467.72998046875,605.1599731445312,35.86000061035156,249.13999938964844
2025-11-25,54195.15234375,93.28348541259766,194.2085876464844,94.4573211669922,97.65425872802734,24025.765625,1474.8599853515625,608.8900146484375,36.16999816894531,250.6699981689453
2025-11-26,55659.08203125,93.5396957397461,195.5463256835937,94.53474426269533,97.66397094726562,24140.197265625,1464.9200439453125,614.27001953125,39.18999862670898,252.9199981689453
2025-11-27,56051.11328125,93.5396957397461,195.5463256835937,94.53474426269533,97.66397094726562,24100.396484375,1470.5899658203125,614.27001953125,39.18999862670898,252.9199981689453
2025-11-28,55232.30859375,93.94373321533205,196.27960205078125,94.37022399902344,97.69308471679688,24319.30859375,1461.4000244140625,619.25,41.2599983215332,254.89999389648438
2025-12-01,55157.87109375,93.18492889404295,195.8733062744141,93.8634796142578,97.71546173095705,24553.1484375,1465.6199951171875,617.1699829101562,41.310001373291016,254.1300048828125
2025-12-02,56249.61328125,92.91886138916016,196.6264190673828,93.94112396240234,97.73493194580078,24388.962890625,1470.1700439453125,622.0,43.79999923706055,256.0899963378906
2025-12-03,56864.96484375,93.21449279785156,197.3101348876953,94.1352767944336,97.74466705322266,24388.962890625,1467.3599853515625,623.52001953125,46.58000183105469,256.7099914550781
2025-12-04,56721.05078125,93.13565826416016,197.4686737060547,93.8440399169922,97.76415252685548,24254.630859375,1465.030029296875,622.9400024414062,45.15999984741211,256.4599914550781
2025-12-05,57802.87109375,93.20464324951172,197.9443359375,93.64990234375,97.7933349609375,24508.37109375,1472.3800048828125,625.47998046875,46.5,257.5299987792969
2025-12-08,58577.015625,92.52467346191406,196.74533081054688,93.45574951171876,97.7933349609375,24453.642578125,1471.81005859375,624.280029296875,47.9900016784668,257.0299987792969
2025-12-09,58264.3828125,92.29802703857422,196.60659790039065,93.31983184814452,97.8030776977539,24209.8515625,1468.510009765625,625.0499877929688,47.790000915527344,257.3500061035156
2025-12-10,58239.56640625,92.49510955810548,197.5281219482422,93.62078857421876,97.8030776977539,24383.98828125,1467.9300537109375,627.6099853515625,49.650001525878906,258.3900146484375
2025-12-11,57763.16796875,93.27362060546876,199.1829528808593,93.6304702758789,97.82254028320312,24403.888671875,1469.0400390625,625.5800170898438,48.790000915527344,257.54998779296875
2025-12-12,58552.203125,93.25391387939452,197.6966094970703,93.37809753417967,97.8614730834961,24816.83984375,1470.8499755859375,613.6199951171875,41.709999084472656,252.57000732421875
2025-12-15,57222.26171875,93.39187622070312,197.87496948242188,93.45574951171876,97.8614730834961,25199.939453125,1472.9100341796875,610.5399780273438,41.18000030517578,251.36000061035156
2025-12-16,55976.6796875,92.71997833251952,196.9913330078125,93.71785736083984,97.87123107910156,24856.642578125,1467.47998046875,611.75,40.4900016784668,251.85000610351562
2025-12-17,57058.49609375,92.78924560546876,195.1724090576172,93.6984405517578,97.89070129394533,25135.259765625,1471.739990234375,600.4099731445312,36.0099983215332,247.19000244140625
2025-12-18,56393.5234375,92.86840057373048,196.57388305664065,93.94112396240234,97.89070129394533,25125.30859375,1474.0,609.1099853515625,38.58000183105469,250.75999450683594
2025-12-19,56691.2734375,93.13558959960938,197.63739013671875,93.72978973388672,97.93269348144533,25080.53125,1474.3599853515625,617.0499877929688,41.720001220703125,254.10000610351562
2025-12-22,57986.48046875,93.7392120361328,198.66116333007807,93.63240051269533,97.93269348144533,25533.28515625,1473.719970703125,619.2100219726562,43.2599983215332,254.92999267578125
2025-12-23,58155.203125,93.75899505615234,198.94943237304688,93.59343719482422,97.94245147705078,25976.087890625,1476.8399658203125,622.1099853515625,43.70000076293945,256.17999267578125
2025-12-24,58170.08984375,94.07565307617188,199.7744140625,93.83692932128906,97.96196746826172,25986.037109375,1478.6700439453125,623.9299926757812,44.209999084472656,256.8699951171875
2025-12-25,58170.08984375,94.07565307617188,199.7744140625,93.83692932128906,97.96196746826172,25986.037109375,1478.6700439453125,623.9299926757812,44.209999084472656,256.8699951171875
2025-12-26,58666.33984375,94.115234375,199.81414794921875,93.92456817626952,97.99127960205078,26195.0,1446.52001953125,623.8900146484375,44.209999084472656,256.8800048828125
2025-12-29,60264.25390625,94.07565307617188,199.2873687744141,94.0609130859375,98.01081085205078,25955.0,1441.3299560546875,620.8699951171875,43.81999969482422,255.64999389648438
2025-12-30,60437.94140625,93.95689392089844,198.8897857666016,93.96351623535156,98.02058410644533,25235.0,1434.7099609375,619.4299926757812,43.66999816894531,255.0399932861328
2025-12-31,60437.94140625,93.17516326904295,197.41873168945312,93.65187072753906,98.03034210205078,25235.0,1437.9100341796875,614.3099975585938,42.02999877929688,252.9199981689453
2026-01-01,60437.94140625,93.17516326904295,197.41873168945312,93.65187072753906,98.03034210205078,25235.0,1437.9100341796875,614.3099975585938,42.02999877929688,252.9199981689453
2026-01-02,62189.69140625,92.67050170898438,197.9852905273437,93.57395935058594,98.05963897705078,25310.0,1443.6400146484375,613.1199951171875,47.2400016784668,252.44000244140625
2026-01-05,64551.828125,93.01683807373048,199.96324157714844,93.85639190673828,98.06938934326172,25525.0,1440.47998046875,617.989990234375,49.220001220703125,254.42999267578125
2026-01-06,65713.046875,93.56108856201172,201.6827850341797,93.78821563720705,98.07918548583984,25760.0,1445.56005859375,623.4199829101562,54.0099983215332,256.69000244140625
2026-01-07,66219.2265625,93.19496154785156,200.70870971679688,93.96351623535156,98.08894348144533,25705.0,1444.9599609375,624.02001953125,52.290000915527344,256.92999267578125
2026-01-08,66119.96875,93.53140258789062,201.1858062744141,93.6811065673828,98.09870147705078,25550.0,1446.1400146484375,620.469970703125,49.650001525878906,255.4499969482422
2026-01-09,66675.7734375,93.65013885498048,202.8357696533203,93.78821563720705,98.11824035644533,25805.0,1450.0799560546875,626.6500244140625,53.95000076293945,258.010009765625
2026-01-12,67102.5390625,93.86785125732422,202.99481201171875,93.6713638305664,98.13776397705078,26405.0,1455.239990234375,627.1699829101562,54.650001525878906,258.239990234375
2026-01-13,67951.1171875,93.29391479492188,202.29904174804688,93.78821563720705,98.14752960205078,26495.0,1464.9300537109375,626.239990234375,56.06999969482422,257.8399963378906
2026-01-14,68323.3125,93.64025115966795,201.3845977783203,93.9830093383789,98.15730285644533,26740.0,1473.010009765625,619.5499877929688,55.380001068115234,255.11000061035156
2026-01-15,69489.484375,93.5907745361328,202.25927734375,93.78821563720705,98.16706085205078,26575.0,1462.9000244140625,621.780029296875,58.08000183105469,256.0
2026-01-16,70223.9296875,93.43244934082033,202.0803680419922,93.4278793334961,98.20613861083984,26555.0,1468.8399658203125,621.260009765625,60.75,255.7100067138672
2026-01-19,71241.2421875,93.43244934082033,202.0803680419922,93.4278793334961,98.20613861083984,26945.0,1471.5799560546875,621.260009765625,60.75,255.7100067138672
2026-01-20,70655.671875,92.63092041015624,198.3232269287109,93.05777740478516,98.20613861083984,27195.0,1471.52001953125,608.0599975585938,57.93999862670898,250.3699951171875
2026-01-21,71216.4296875,93.35327911376952,200.7484741210937,93.30126190185548,98.20613861083984,28160.0,1477.780029296875,616.280029296875,63.47999954223633,253.6999969482422
2026-01-22,71985.6171875,93.74909973144533,201.4044952392578,93.29151916503906,98.22566223144533,27825.0,1464.8299560546875,620.760009765625,63.720001220703125,255.58999633789062
2026-01-23,72476.890625,93.88763427734376,201.4541931152344,93.44734954833984,98.25497436523438,28555.0,1463.260009765625,622.719970703125,61.59999847412109,256.3999938964844
2026-01-26,71762.296875,94.52094268798828,202.49783325195312,93.5836944580078,98.26473236083984,29275.0,1444.81005859375,625.4600219726562,60.70000076293945,257.5400085449219
2026-01-27,74213.7578125,94.33293151855467,202.9053497314453,93.47657775878906,98.26473236083984,29275.0,1440.97998046875,631.1300048828125,64.95999908447266,259.8500061035156
2026-01-28,75603.2578125,94.16471099853516,203.03456115722656,93.39866638183594,98.28426361083984,30240.0,1432.510009765625,633.219970703125,70.08999633789062,260.760009765625
2026-01-29,76537.1796875,93.68972778320312,203.5017242431641,93.49603271484376,98.29402923583984,32125.0,1429.27001953125,629.4299926757812,70.47000122070312,259.1400146484375
2026-01-30,76805.4375,93.9964828491211,201.1957550048828,93.43760681152344,98.31356048583984,29680.0,1428.760009765625,621.8699951171875,61.790000915527344,256.04998779296875
2026-02-02,72230.1953125,94.38240814208984,202.49783325195312,93.25391387939452,98.32238006591795,25845.0,1448.800048828125,626.1400146484375,65.19999694824219,257.82000732421875
2026-02-03,77784.0703125,93.88763427734376,200.1521148681641,93.34185791015624,98.34197235107422,27880.0,1452.5400390625,616.52001953125,61.20000076293945,253.80999755859375
2026-02-04,78872.0,94.13501739501952,200.4005889892578,93.32231903076172,98.3517608642578,28965.0,1446.6800537109375,605.75,53.18999862670898,249.3800048828125
2026-02-05,75518.8046875,93.93711853027344,198.0349884033203,93.8694839477539,98.3517608642578,28180.0,1460.1099853515625,597.030029296875,53.25,245.8300018310547
2026-02-06,74709.0703125,95.0256118774414,202.4083709716797,93.8694839477539,98.38115692138672,27760.0,1470.6800537109375,609.6500244140625,61.75,251.00999450683594
2026-02-09,77833.75,94.89697265625,202.7960205078125,93.88903045654295,98.40074157714844,28740.0,1462.4000244140625,614.3200073242188,64.02999877929688,252.92999267578125
2026-02-10,77928.1328125,94.9266586303711,202.3884735107422,94.29940795898438,98.41053009033205,28795.0,1458.5400390625,611.469970703125,63.34000015258789,251.77999877929688
2026-02-11,78603.7421875,95.0256118774414,202.55747985839844,94.03559112548828,98.41053009033205,28940.0,1455.3299560546875,613.1099853515625,68.05000305175781,252.42999267578125
2026-02-12,81445.2578125,94.19439697265624,199.5259246826172,94.6120834350586,98.43013763427734,28925.0,1444.18994140625,600.6400146484375,63.09999847412109,247.32000732421875
2026-02-13,81331.0078125,95.18392944335938,200.52981567382807,94.98336791992188,98.46931457519533,28330.0,1440.9000244140625,601.9199829101562,64.58999633789062,247.8300018310547
2026-02-16,81331.0078125,95.18392944335938,200.52981567382807,94.98336791992188,98.46931457519533,28330.0,1439.52001953125,601.9199829101562,64.58999633789062,247.8300018310547
2026-02-17,81331.0078125,94.83759307861328,201.016845703125,94.9736099243164,98.46931457519533,28330.0,1440.22998046875,601.2999877929688,64.3499984741211,247.57000732421875
2026-02-18,81331.0078125,95.0256118774414,202.25927734375,94.77819061279295,98.4889144897461,28330.0,1439.969970703125,605.7899780273438,66.29000091552734,249.3800048828125
2026-02-19,83844.6484375,95.04539489746094,201.80206298828125,94.86611938476562,98.49870300292967,28590.0,1440.1600341796875,603.469970703125,65.2300033569336,248.50999450683594
2026-02-20,85742.3125,95.18392944335938,203.15383911132807,94.86611938476562,98.51829528808594,28730.0,1447.75,608.8099975585938,67.11000061035156,250.6699981689453
2026-02-23,86378.1796875,94.79801940917967,201.0367126464844,95.20809936523438,98.53787994384766,29495.0,1443.43994140625,601.4099731445312,65.86000061035156,247.64999389648438
2026-02-24,88509.3125,95.3818359375,202.7363739013672,95.18856811523438,98.53787994384766,29585.0,1442.199951171875,607.8699951171875,68.52999877929688,250.30999755859375
2026-02-25,90302.6484375,95.40164184570312,204.2074279785156,95.1103973388672,98.54768371582033,29695.0,1439.989990234375,616.6799926757812,71.86000061035156,253.8300018310547
2026-02-26,94410.921875,95.78756713867188,203.5613555908203,95.36444854736328,98.5672836303711,29695.0,1426.9300537109375,609.239990234375,65.33999633789062,250.8800048828125
2026-02-27,93511.7734375,96.7869873046875,203.62098693847656,95.7455062866211,98.58687591552734,29690.0,1432.3199462890625,607.2899780273438,62.77000045776367,250.05999755859375
2026-03-02,93511.7734375,96.6583480834961,203.23336791992188,95.17030334472656,98.59864807128906,29690.0,1438.5,608.0900268554688,62.7599983215332,250.36000061035156
2026-03-03,86144.6875,96.19326782226562,201.0665283203125,95.0625,98.6183090209961,30365.0,1452.27001953125,601.5800170898438,53.41999816894531,247.72000122070312
2026-03-04,75409.515625,96.3416976928711,202.20957946777344,94.86650848388672,98.6183090209961,29345.0,1483.0699462890625,610.75,56.619998931884766,251.3699951171875
2026-03-05,83029.953125,95.79744720458984,200.4602203369141,94.57254028320312,98.6281280517578,29350.0,1460.75,608.9099731445312,54.79999923706055,250.72000122070312
2026-03-06,83020.015625,95.63912963867188,197.4584808349609,94.51372528076172,98.66740417480467,29225.0,1479.510009765625,599.75,47.88999938964844,246.97000122070312
2026-03-09,77724.4609375,95.62922668457033,199.49609375,94.8077163696289,98.6772232055664,29260.0,1483.8900146484375,607.760009765625,53.31999969482422,250.2100067138672
2026-03-10,82364.28125,94.91675567626952,199.0686950683593,94.50394439697266,98.6772232055664,29575.0,1464.469970703125,607.77001953125,54.59000015258789,250.27000427246094
2026-03-11,83283.3046875,94.42198944091795,198.31329345703125,94.07276153564452,98.69688415527344,29740.0,1472.780029296875,607.6900024414062,56.09000015258789,250.2100067138672
2026-03-12,82662.3359375,93.9964828491211,195.0332489013672,93.7689971923828,98.70671081542967,29410.0,1475.3399658203125,597.260009765625,50.27999877929688,245.94000244140625
2026-03-13,81013.0703125,94.07565307617188,193.9697265625,93.67100524902344,98.73616027832033,29045.0,1470.5799560546875,593.719970703125,50.720001220703125,244.4499969482422
2026-03-16,82448.734375,94.63968658447266,195.78863525390625,94.09237670898438,98.73616027832033,28635.0,1501.75,600.3800048828125,53.68999862670898,247.1699981689453
2026-03-17,84088.0703125,94.4826889038086,196.10739135742188,94.25897216796876,98.75582122802734,28550.0,1488.9100341796875,603.3099975585938,54.95000076293945,248.4499969482422
2026-03-18,88792.46875,92.89291381835938,193.31838989257807,93.8277816772461,98.76564025878906,28565.0,1484.8699951171875,594.9000244140625,54.02000045776367,244.9600067138672
2026-03-19,86189.3984375,92.68425750732422,193.4478759765625,93.8179931640625,98.76564025878906,27420.0,1505.25,593.02001953125,54.84999847412109,244.1999969482422
2026-03-20,86099.984375,91.76020050048828,191.1369781494141,92.97526550292967,98.79510498046876,26710.0,1489.8399658203125,582.0599975585938,51.13999938964844,239.63999938964844
2026-03-23,80501.3984375,92.1675796508789,193.1888885498047,93.26923370361328,98.79510498046876,24200.0,1504.2099609375,588.0,53.02999877929688,242.07000732421875
2026-03-24,82965.375,91.72045135498048,192.5414428710937,92.95565795898438,98.82456970214844,25000.0,1485.3599853515625,583.97998046875,54.959999084472656,240.4199981689453
2026-03-25,83963.875,92.03840637207033,193.35821533203125,93.44562530517578,98.82456970214844,25915.0,1497.31005859375,587.8200073242188,57.040000915527344,241.97999572753906
2026-03-26,81072.6875,91.62109375,189.4037933349609,92.69107818603516,98.83440399169922,25255.0,1500.969970703125,573.7899780273438,48.970001220703125,236.2100067138672
2026-03-27,80700.109375,90.53805541992188,186.5649871826172,92.7008819580078,98.86386108398438,25390.0,1508.3599853515625,562.5800170898438,46.61000061035156,231.61000061035156
2026-03-30,78171.5546875,91.10441589355467,185.75816345214844,93.357421875,98.87369537353516,25760.0,1516.1300048828125,558.280029296875,40.619998931884766,229.8699951171875
2026-03-31,74942.5546875,92.14769744873048,191.05728149414065,93.52400970458984,98.87369537353516,25930.0,1503.3299560546875,577.1799926757812,47.90999984741211,237.6199951171875
2026-04-01,81639.0,92.07815551757812,192.01353454589844,93.44241333007812,98.8963394165039,26755.0,1512.0899658203125,584.3099975585938,52.2599983215332,240.57000732421875
2026-04-02,77684.71875,92.76374053955078,192.4019927978516,93.6587142944336,98.93575286865234,26095.0,1509.219970703125,584.97998046875,52.75,240.86000061035156
2026-04-03,80054.3125,92.76374053955078,192.4019927978516,93.6587142944336,98.93575286865234,26585.0,1509.219970703125,584.97998046875,52.75,240.86000061035156
2026-04-06,81221.7109375,92.8233642578125,193.26858520507807,93.41291809082033,98.9456024169922,26485.0,1507.8499755859375,588.5,54.810001373291016,242.32000732421875
2026-04-07,82235.125,92.61470794677734,192.631088256836,93.6488800048828,98.9554443359375,26390.0,1499.1300048828125,588.5900268554688,56.54999923706055,242.3800048828125
2026-04-08,88424.859375,93.51889038085938,198.22901916503903,93.8553466796875,98.9554443359375,27495.0,1477.5999755859375,606.0900268554688,67.5,249.5399932861328
2026-04-09,86686.171875,93.26055145263672,199.46417236328125,93.82585144042967,98.96529388427734,26815.0,1473.280029296875,610.1900024414062,71.9800033569336,251.22999572753906
2026-04-10,88082.0859375,92.15763854980467,198.687240600586,93.66854095458984,99.00470733642578,27025.0,1473.280029296875,611.0700073242188,76.38999938964844,251.60000610351562
2026-04-13,87312.1015625,92.91278839111328,200.4602508544922,93.8750228881836,99.01455688476562,26870.0,1476.8399658203125,617.3900146484375,80.55999755859375,254.1699981689453
2026-04-14,89845.6171875,93.07176208496094,202.4723358154297,94.17981719970705,99.01455688476562,27075.0,1469.4200439453125,628.5999755859375,85.30999755859375,258.7799987792969
2026-04-15,92066.1796875,93.34004974365234,203.5680084228516,93.97332763671876,99.03426361083984,27365.0,1474.06005859375,637.4000244140625,85.95999908447266,262.4800109863281
2026-04-16,94097.96875,93.78717041015624,203.5182037353516,93.8061981201172,99.03426361083984,27355.0,1477.9200439453125,640.469970703125,88.37000274658203,263.69000244140625
2026-04-17,93442.2265625,94.25416564941406,206.1080017089844,94.31744384765624,99.06381225585938,27170.0,1477.9200439453125,648.8499755859375,94.68000030517578,267.1300048828125
2026-04-20,93889.3125,94.13492584228516,205.7792816162109,94.22896575927734,99.07366180419922,27175.0,1469.260009765625,646.7899780273438,95.94000244140624,266.29998779296875
2026-04-21,96293.6796875,93.48908233642578,204.6537322998047,93.8160171508789,99.09336853027344,27140.0,1485.800048828125,644.3300170898438,98.08999633789062,265.30999755859375
2026-04-22,96671.21875,93.48908233642578,206.3570098876953,93.91434478759766,99.1032257080078,27090.0,1477.9599609375,655.1099853515625,105.63999938964844,269.6300048828125
2026-04-23,97719.40625,93.70767974853516,205.08204650878903,93.76686096191406,99.11307525634766,26715.0,1479.949951171875,651.4199829101562,112.7699966430664,268.2200012207031
2026-04-24,97366.6953125,93.47915649414062,206.5861053466797,93.95367431640624,99.14261627197266,26525.0,1479.949951171875,663.8800048828125,128.32000732421875,273.3800048828125
2026-04-27,99592.2265625,92.97240447998048,206.3769378662109,93.73735809326172,99.14261627197266,26755.0,1473.0,664.22998046875,123.38999938964844,273.510009765625
2026-04-28,100049.2578125,93.18106079101562,205.1019592285156,93.6488800048828,99.1623306274414,26295.0,1471.989990234375,657.5499877929688,109.55999755859376,270.760009765625
2026-04-29,100838.6328125,93.2804183959961,204.9525451660156,93.20645904541016,99.17217254638672,25990.0,1487.3800048828125,661.5700073242188,117.97000122070312,272.3900146484375
2026-04-30,99700.9609375,94.03556823730467,206.4366912841797,93.3834228515625,99.17217254638672,25935.0,1474.010009765625,667.739990234375,126.9800033569336,274.8999938964844
2026-05-01,99700.9609375,93.97595977783205,206.34706115722656,93.45445251464844,99.20972442626952,25935.0,1474.010009765625,674.1500244140625,130.39999389648438,277.5400085449219
2026-05-04,105079.953125,93.75735473632812,205.2912139892578,93.10919189453124,99.2196044921875,26065.0,1476.050048828125,672.8800048828125,127.5500030517578,277.04998779296875
2026-05-05,105079.953125,93.85671997070312,206.6857147216797,93.24729919433594,99.22948455810548,26065.0,1473.9599609375,681.6099853515625,144.16000366210938,280.6199951171875
2026-05-06,113038.671875,93.38971710205078,209.2157440185547,93.71092224121094,99.23936462402344,26435.0,1444.449951171875,695.77001953125,165.85000610351562,286.3999938964844
2026-05-07,115383.8671875,93.67787170410156,208.6380310058593,93.4248504638672,99.24923706054688,26730.0,1454.7900390625,694.9400024414062,152.10000610351562,286.1199951171875
2026-05-08,115573.484375,93.4294662475586,209.6042022705078,93.67146301269533,99.27888488769533,26820.0,1454.7900390625,711.22998046875,176.94000244140625,292.82000732421875
2026-05-11,121556.2421875,93.49901580810548,209.74368286132807,93.35580444335938,99.28876495361328,26465.0,1474.449951171875,713.2899780273438,190.4199981689453,293.7099914550781
2026-05-12,118856.765625,93.88652801513672,209.5643768310547,93.04015350341795,99.29864501953124,26635.0,1492.989990234375,707.239990234375,172.52000427246094,291.1400146484375
2026-05-13,122404.5,93.70767974853516,210.14208984375,93.04015350341795,99.30852508544922,26700.0,1489.8399658203125,714.7100219726562,184.2400054931641,294.1600036621094
2026-05-14,124600.0078125,94.57212829589844,211.5366058349609,92.98096466064452,99.3184051513672,26590.0,1493.3399658203125,719.7899780273438,186.19000244140625,296.3699951171875
2026-05-15,116960.640625,94.0951919555664,209.6241455078125,92.24113464355467,99.34805297851562,25920.0,1493.3399658203125,708.9299926757812,164.17999267578125,291.8900146484375
2026-05-18,117599.3359375,95.38688659667967,210.09228515625,92.2016830444336,99.35792541503906,25705.0,1492.3199462890625,705.8800048828125,151.75,290.6300048828125
2026-05-19,114081.5390625,95.17823028564452,208.7376403808593,91.84656524658205,99.36780548095705,25750.0,1507.8499755859375,701.530029296875,151.88999938964844,288.8399963378906
2026-05-20,113108.5234375,95.28752899169922,211.39715576171875,92.46800994873048,99.37769317626952,25320.0,1499.77001953125,713.1500244140625,173.1999969482422,293.6300048828125
2026-05-21,122808.671875,95.4266357421875,211.90516662597656,92.52720642089844,99.37769317626952,25660.0,1504.4000244140625,714.510009765625,178.38999938964844,294.2099914550781
2026-05-22,123098.0859375,96.26126098632812,213.53872680664065,92.60610961914062,99.42708587646484,25600.0,1504.4000244140625,717.5399780273438,190.55999755859372,295.44000244140625
2026-05-25,123098.0859375,96.26126098632812,213.53872680664065,92.60610961914062,99.42708587646484,25600.0,1514.7900390625,717.5399780273438,190.55999755859372,295.44000244140625
2026-05-26,126496.1328125,95.8737564086914,214.9431915283203,93.0006866455078,99.4369659423828,25640.0,1505.43994140625,730.280029296875,225.7899932861328,300.67999267578125
2026-05-27,130333.2734375,95.4266357421875,214.3953552246093,93.04015350341795,99.44685363769533,25390.0,1503.1099853515625,729.4500122070312,217.97999572753903,300.3800048828125
2026-05-28,129724.5234375,95.71477508544922,215.0328369140625,93.25715637207033,99.44685363769533,24790.0,1495.2900390625,735.5999755859375,224.6300048828125,302.8500061035156
2026-05-29,134539.671875,95.98304748535156,214.6443634033203,93.36566925048828,99.46660614013672,25535.0,1495.2900390625,738.3099975585938,224.33999633789065,303.9599914550781
2026-06-01,141106.234375,96.33081817626952,215.1224822998047,93.20433807373048,99.495361328125,25530.0,1511.27001953125,742.739990234375,227.02999877929688,305.82000732421875
2026-06-02,141285.859375,96.31095123291016,214.9332275390625,93.27362060546876,99.495361328125,25650.0,1516.5999755859375,746.1599731445312,266.32000732421875,307.2300109863281
2026-06-03,141285.859375,95.64522552490234,214.7838134765625,93.0360870361328,99.5052719116211,25650.0,1530.1099853515625,744.2100219726562,280.5400085449219,306.6099853515625
2026-06-04,138446.671875,96.0426788330078,216.4771423339844,93.15485382080078,99.51517486572266,25245.0,1533.0699462890625,740.6099853515625,262.70001220703125,304.94000244140625
2026-06-05,130762.3984375,95.02918243408205,212.3035888671875,92.65998077392578,99.54490661621094,25080.0,1533.0699462890625,705.0599975585938,182.5399932861328,290.3500061035156
2026-06-08,119315.8203125,94.6218032836914,212.9908905029297,92.56100463867188,99.55481719970705,24350.0,1528.8800048828125,716.0700073242188,211.44000244140625,294.80999755859375
2026-06-09,129864.234375,94.96957397460938,213.2797393798828,92.8183364868164,99.56472778320312,24525.0,1525.81005859375,707.8300170898438,201.67999267578125,291.5199890136719
2026-06-10,123542.171875,94.6118621826172,211.49676513671875,92.72926330566406,99.57463836669922,23795.0,1525.050048828125,693.6900024414062,180.6499938964844,285.9200134277344
2026-06-11,123597.0625,95.02918243408205,215.05274963378903,93.37259674072266,99.58454132080078,23095.0,1517.3800048828125,717.1199951171875,223.9900054931641,295.0199890136719
2026-06-12,129005.9921875,95.4365692138672,216.0587921142578,93.2142333984375,99.60436248779295,23620.0,1517.3800048828125,721.3400268554688,234.67999267578125,297.010009765625
2026-06-15,136011.65625,96.0246353149414,218.7290496826172,93.31321716308594,99.62418365478516,24315.0,1513.31005859375,744.0,272.5,306.239990234375
2026-06-16,139265.0,95.5960464477539,217.2921295166016,93.55074310302734,99.63409423828124,24375.0,1510.9599609375,729.8599853515625,226.19000244140625,300.55999755859375
2026-06-17,141764.875,94.3302001953125,213.9892425537109,93.05587005615234,99.64400482177734,24410.0,1525.4200439453125,722.510009765625,233.8600006103516,297.57000732421875
2026-06-18,146644.890625,93.93151092529295,215.42616271972656,93.39238739013672,99.6836395263672,24290.0,1537.56005859375,740.6199951171875,279.2900085449219,304.5199890136719
2026-06-19,146609.96875,93.93151092529295,215.42616271972656,93.39238739013672,99.6836395263672,23400.0,1537.56005859375,740.6199951171875,279.2900085449219,304.5199890136719
2026-06-22,148052.015625,93.97138214111328,215.3662872314453,93.0360870361328,99.69355010986328,23685.0,1539.050048828125,737.9500122070312,300.7699890136719,303.8999938964844
2026-06-23,132548.75,94.2405014038086,212.5523376464844,93.15485382080078,99.70346069335938,23230.0,1535.25,713.6500244140625,231.4199981689453,293.8699951171875
2026-06-24,137862.875,94.54948425292967,212.73196411132807,93.75859832763672,99.71337127685548,23035.0,1542.760009765625,710.6199951171875,229.57000732421875,292.6300048828125
2026-06-25,145532.171875,94.57938385009766,212.7918243408203,93.81797790527344,99.72327423095705,22460.0,1546.47998046875,716.3800048828125,252.6100006103516,294.8800048828125
2026-06-26,137099.4375,95.67578125,213.20095825195312,94.0555191040039,99.74310302734376,22665.0,1546.47998046875,706.52001953125,215.6000061035156,290.95001220703125
2026-06-29,136136.40625,95.84523010253906,216.8231506347656,94.08521270751952,99.7629165649414,22870.0,1541.72998046875,724.0800170898438,236.5200042724609,298.04998779296875
2026-06-30,138296.984375,96.1442413330078,218.9585418701172,93.6002426147461,99.7629165649414,22590.0,1548.6099853515625,736.4000244140625,266.7099914550781,302.9700012207031
2026-07-01,134250.265625,96.57283782958984,218.3997497558593,93.37284088134766,99.78876495361328,22330.0,1551.81005859375,725.1699829101562,217.5500030517578,298.6099853515625
2026-07-02,123277.71875,97.56956481933594,217.960693359375,93.46221160888672,99.82852172851562,22945.0,1542.1300048828125,712.5999755859375,181.47000122070312,293.4200134277344
2026-07-03,130742.4375,97.56956481933594,217.960693359375,93.46221160888672,99.82852172851562,23475.0,1542.1300048828125,712.5999755859375,181.47000122070312,293.4200134277344
2026-07-06,129859.25,97.56956481933594,218.0205841064453,93.52178955078124,99.82852172851562,23420.0,1528.760009765625,722.8200073242188,194.6499938964844,297.5199890136719
2026-07-07,123457.3515625,98.0280532836914,217.27218627929688,93.0451431274414,99.84839630126952,23225.0,1519.8599853515625,709.4299926757812,165.27999877929688,292.1400146484375
2026-07-08,116626.328125,97.33035278320312,216.4539489746093,92.85647583007812,99.85833740234376,23240.0,1503.3499755859375,711.4400024414062,174.82000732421875,292.8699951171875
2026-07-09,117459.625,97.28050994873048,218.03054809570312,93.05506896972656,99.86827850341795,23090.0,1505.9100341796875,723.280029296875,192.4499969482422,297.7799987792969
2026-07-10,120358.6875,97.43999481201172,219.218002319336,92.9756317138672,99.88815307617188,23175.0,1505.9100341796875,725.510009765625,192.25999450683597,298.7200012207031
2026-07-13,108597.7578125,97.49979400634766,218.1802215576172,92.63801574707033,99.90802764892578,22830.0,1497.699951171875,711.739990234375,165.3699951171875,293.05999755859375
2026-07-14,109495.921875,96.5628662109375,218.7689666748047,92.8961944580078,99.90802764892578,22655.0,1487.8800048828125,719.6900024414062,176.66000366210938,296.30999755859375
2026-07-15,116496.59375,95.77545166015624,219.3277587890625,93.12458038330078,99.92790985107422,22670.0,1486.199951171875,717.739990234375,165.5500030517578,295.55999755859375
2026-07-16,108777.390625,96.81204986572266,220.1859130859375,93.06501007080078,99.93785095214844,22680.0,1478.8499755859375,705.9400024414062,142.47999572753906,290.67999267578125
2026-07-17,108777.390625,96.28378295898438,217.4019012451172,93.18415832519533,99.96766662597656,22680.0,1478.8499755859375,695.3300170898438,135.47000122070312,286.30999755859375
2026-07-20,103882.40625,96.18411254882812,216.47390747070312,92.88626861572266,99.97760009765624,22545.0,1475.010009765625,696.0599975585938,136.80999755859375,286.5799865722656
2026-07-21,107919.1484375,96.23395538330078,217.66134643554688,92.65786743164062,99.98754119873048,22900.0,1479.719970703125,708.969970703125,158.5399932861328,291.8999938964844
2026-07-22,108093.7890625,95.93492889404295,216.873046875,92.44933319091795,99.98754119873048,23165.0,1475.6300048828125,705.3499755859375,160.99000549316406,290.4200134277344
2026-07-23,112998.75,95.79539489746094,215.53591918945312,92.20108032226562,99.99748229980467,23170.0,1474.0400390625,691.9600219726562,157.5,284.9800109863281
2026-07-24,106147.7734375,96.63263702392578,216.3441772460937,92.37982177734376,100.0272979736328,22705.0,1474.0400390625,684.22998046875,136.80999755859375,281.67999267578125
2026-07-27,107509.984375,97.23068237304688,216.793212890625,92.6280746459961,100.03723907470705,23060.0,1464.43994140625,682.1199951171875,128.14999389648438,280.8599853515625
2026-07-28,95479.6015625,98.23736572265624,217.9906463623047,92.90612030029295,100.04718017578124,22745.0,1453.1600341796875,675.489990234375,109.54000091552734,278.1400146484375
2026-07-29,89422.0,98.0280532836914,215.5159606933593,92.51885223388672,100.06705474853516,22725.0,1442.280029296875,661.72998046875,91.98999786376952,272.510009765625
2026-07-30,87635.0,97.51972198486328,218.4496459960937,92.5585708618164,100.0770034790039,22695.0,1420.5999755859375,683.5499877929688,114.72000122070312,281.3500061035156
2026-07-31,108820.0,97.60943603515624,218.8488006591797,92.30038452148438,100.0968780517578,22960.0,1420.5999755859375,687.989990234375,114.72000122070312,283.2900085449219
2026-08-03,99105.0,97.94831848144533,221.2635955810547,92.48770904541016,100.11382293701172,22885.0,1428.5,700.0700073242188,116.70999908447266,288.2699890136719
2026-08-04,100330.0,99.3736343383789,224.34695434570312,92.91617584228516,100.12379455566406,22830.0,1428.4300537109375,723.8499755859375,139.89999389648438,298.0299987792969
2026-08-05,104300.0,99.36367797851562,224.34695434570312,92.9759521484375,100.14373016357422,23455.0,1421.1600341796875,717.2999877929688,132.07000732421875,295.3500061035156
2026-08-06,98900.0,99.67266082763672,224.4866485595703,92.61724090576172,100.15370178222656,23955.0,1422.300048828125,714.6500244140625,132.3300018310547,294.260009765625
2026-08-07,98090.0,100.29063415527344,225.20510864257807,92.83645629882812,100.17364501953124,24080.0,1422.300048828125,723.030029296875,140.25,297.70001220703125
2026-08-10,98265.0,100.49993896484376,225.2550048828125,92.4279327392578,100.1935806274414,24460.0,1417.31005859375,720.8699951171875,130.0,296.8500061035156
2026-08-11,99265.0,100.4002685546875,224.666259765625,92.53753662109376,100.20355224609376,24550.0,1412.1800537109375,718.4500122070312,133.0,295.8299865722656
2026-08-12,103250.0,100.44013214111328,224.9656219482422,92.62721252441406,100.21351623535156,24680.0,1416.4599609375,723.7000122070312,142.16000366210938,297.9800109863281
2026-08-13,107270.0,101.03817749023438,226.69189453125,92.96599578857422,100.2234878540039,24600.0,1416.8499755859375,732.0700073242188,145.36000061035156,301.4100036621094
2026-08-14,110060.0,100.79895782470705,225.3547821044922,92.70692443847656,100.2533950805664,24335.0,1416.8499755859375,731.0700073242188,144.9499969482422,301.010009765625
2026-08-17,110060.0,100.07135009765624,224.1473846435547,92.50763702392578,100.2533950805664,24335.0,1414.72998046875,729.8699951171875,151.52999877929688,300.5199890136719
2026-08-18,108550.0,100.19094848632812,223.6185302734375,92.59732055664062,100.26336669921876,24700.0,1413.5799560546875,717.510009765625,129.10000610351562,295.45001220703125
2026-08-19,101760.0,100.95843505859376,223.86798095703125,93.04570770263672,100.2833023071289,24400.0,1389.4000244140625,716.0800170898438,120.73999786376952,294.8500061035156
2026-08-20,108190.0,100.34046173095705,221.8223876953125,92.66706848144533,100.2833023071289,25260.0,1390.7900390625,710.9299926757812,122.20999908447266,292.7900085449219
2026-08-21,109980.0,100.8986358642578,222.74041748046875,92.48770904541016,100.32318115234376,25595.0,1390.7900390625,713.4400024414062,120.5999984741211,293.760009765625
2026-08-24,105995.0,101.23751831054688,223.3191680908203,92.67703247070312,100.3331527709961,26060.0,1380.760009765625,706.3200073242188,111.16000366210938,290.80999755859375
2026-08-25,106795.0,101.1677474975586,223.58859252929688,93.1752471923828,100.3331527709961,26095.0,1381.489990234375,710.719970703125,115.66999816894533,292.6600036621094
2026-08-26,107710.0,101.21758270263672,223.3391265869141,92.98592376708984,100.34312438964844,25980.0,1383.489990234375,711.3699951171875,116.5999984741211,292.8999938964844
2026-08-27,109135.0,101.64617919921876,224.1174468994141,92.89624786376952,100.35309600830078,25865.0,1380.449951171875,721.1099853515625,123.0500030517578,296.9200134277344
2026-08-28,107180.0,101.4069595336914,223.13954162597656,92.5176010131836,100.38300323486328,25710.0,1380.449951171875,716.4299926757812,111.33999633789062,295.0
2026-08-31,107615.0,101.18767547607422,222.1416931152344,92.40799713134766,100.38300323486328,24890.0,1366.6199951171875,716.760009765625,112.79000091552734,295.17999267578125
2026-09-01,107885.0,100.78899383544922,220.5152130126953,92.0999984741211,100.41000366210938,24870.0,1372.8599853515625,707.6400146484375,105.91000366210938,291.3999938964844
2026-09-02,103500.0,100.64945220947266,220.92431640625,92.18000030517578,100.41999816894533,24235.0,1358.3900146484375,709.239990234375,106.3499984741211,292.0199890136719
2026-09-03,103610.0,101.47673034667967,222.9799041748047,92.27999877929688,100.43000030517578,24800.0,1355.4100341796875,717.6699829101562,106.73999786376952,295.510009765625
2026-09-04,105720.0,100.47003936767578,222.101791381836,92.25,100.47000122070312,25060.0,1355.4100341796875,718.9600219726562,117.27999877929688,296.07000732421875
2026-09-07,110820.0,100.47003936767578,222.101791381836,92.25,100.47000122070312,24645.0,1343.5699462890625,718.9600219726562,117.27999877929688,296.07000732421875
2026-09-08,110335.0,99.5929183959961,220.3156280517578,92.16000366210938,100.4800033569336,24675.0,1339.2099609375,718.3599853515625,123.2699966430664,295.760009765625
2026-09-09,112100.0,99.12445831298828,219.08827209472656,91.9000015258789,100.48999786376952,24640.0,1339.1700439453125,716.3099975585938,125.87000274658205,294.9700012207031
2026-09-10,111865.0,98.67593383789062,217.95071411132807,91.18000030517578,100.5,24760.0,1348.1700439453125,708.6900024414062,115.76000213623048,291.79998779296875
2026-09-11,109500.0,99.283935546875,219.7268981933593,91.01000213623048,100.5199966430664,24380.0,1348.1700439453125,714.8800048828125,121.81999969482422,294.3900146484375
2026-09-14,105410.0,99.87200164794922,219.677001953125,90.93000030517578,100.52999877929688,24265.0,1345.6099853515625,709.1799926757812,101.12999725341795,292.0199890136719
2026-09-15,104275.0,99.18000030517578,218.67999267578125,90.81999969482422,100.52999877929688,24050.0,1363.5699462890625,704.5399780273438,102.31999969482422,290.0899963378906
2026-09-16,106365.0,98.48999786376952,217.3699951171875,90.7300033569336,100.5500030517578,24245.0,1376.5999755859375,704.719970703125,103.97000122070312,290.20001220703125
2026-09-17,106280.0,98.83999633789062,218.9499969482422,91.25,100.55999755859376,24155.0,1379.530029296875,716.9199829101562,114.81999969482422,295.20001220703125
2026-09-18,109285.0,98.38999938964844,219.17999267578125,90.8000030517578,100.58999633789062,24620.0,1379.530029296875,721.4500122070312,123.66999816894533,296.9100036621094
